StationUID,StationID,AuthorityI,StationNam,StationN_1,originlat,originlon,StationAdd,StationA_1,BikesCapac,HubName,HubDist,wkt
TPE0001,"1",TPE,捷運市政府站(3號出口),MRT Taipei City Hall Stataion(Exit 3)-2,25.040857890000002,121.567904400000003,忠孝東路/松仁路(東南側),The S.W. side of Road Zhongxiao East Road & Road Chung Yan.,"180",BL18,84.240547281116847,"MultiLineString ((121.5679044 25.04085789, 121.567149 25.040903))"
TPE0002,"2",TPE,捷運國父紀念館站(2號出口),MRT S.Y.S Memorial Hall Stataion(Exit 2.),25.041253999999999,121.557419999999993,忠孝東路四段/光復南路口(西南側),"Sec,4. Zhongxiao E.Rd/GuangFu S. Rd","48",BL17,62.794652810732792,"MultiLineString ((121.55742 25.041254, 121.557981 25.041195))"
TPE0003,"3",TPE,台北市政府,Taipei City Hall,25.037797220000002,121.565169400000002,台北市政府東門(松智路) (鄰近信義商圈/台北探索館),Taipei City Government Eastgate (Song Zhi Road),"40",BL18,353.505804932958995,"MultiLineString ((121.5651694 25.03779722, 121.565062 25.040971))"
TPE0004,"4",TPE,市民廣場,Citizen Square,25.036036110000001,121.562325000000001,市府路/松壽路(西北側)(鄰近台北101/台北世界貿易中心/台北探索館),The N.W. side of Road Shifu & Road Song Shou.,"60",R03,334.095764025827407,"MultiLineString ((121.562325 25.03603611, 121.561671 25.033107))"
TPE0005,"5",TPE,興雅國中,Xingya Jr. High School,25.036563890000000,121.568663900000004,松仁路/松仁路95巷(東南側)(鄰近信義商圈/台北信義威秀影城),"The S.E. side of Road Songren & Ln. 95, Songren Rd..","60",R02,402.243833289412862,"MultiLineString ((121.5686639 25.03656389, 121.569394 25.033025))"
TPE0006,"6",TPE,臺北南山廣場,NAN SHAN PLAZA,25.034047000000001,121.565973000000000,松智路/松廉路(東北側) (鄰近台北101/信義商圈/台北信義威秀影城),The N.E. side of Road Song Zhi & Road Song Lian.,"80",R03,235.868375184702586,"MultiLineString ((121.565973 25.034047, 121.564112 25.033034))"
TPE0007,"7",TPE,信義廣場(台北101),Xinyi Square(Taipei 101),25.033038890000000,121.565619400000003,松智路/信義路(東北側) (鄰近台北101),The N.E. side of Road Song Zhi & Road Xinyi.,"80",R03,167.803883358825402,"MultiLineString ((121.5656194 25.03303889, 121.564112 25.033034))"
TPE0008,"8",TPE,世貿三館,TWTC Exhibition Hall 3,25.035213890000001,121.563688900000002,市府路/松壽路(東南側) (鄰近台北101/台北世界貿易中心/台北探索館),The S.E. side of Road Shifu & Road Song Shou.,"60",R03,239.210251782072277,"MultiLineString ((121.5636889 25.03521389, 121.563292 25.033102))"
TPE0009,"9",TPE,松德站,Songde,25.031784999999999,121.574479999999994,台北市信義區松德路300號,"No.300, Songde Rd.(32)","40",R02,473.682537112173236,"MultiLineString ((121.57448 25.031785, 121.570408 25.03302))"
TPE0010,"10",TPE,台北市災害應變中心,Emergency Operations Center of Taipei City,25.028661110000002,121.566116699999995,台北市信義區莊敬路391巷11弄2號,"No.2, Aly. 11, Ln. 391, Zhuangjing Rd.","54",R03,531.053731141970161,"MultiLineString ((121.5661167 25.02866111, 121.563646 25.032742))"
TPE0011,"11",TPE,三張犁,Sanchangli,25.034936999999999,121.557620000000000,光復南路/基隆路一段364巷(鄰近大安親子館),"The S.E. side of Road Guangfu South & Ln. 346, Sec. 1, Keelung Rd.","50",R04,489.757143349550404,"MultiLineString ((121.55762 25.034937, 121.553526 25.033326))"
TPE0012,"12",TPE,臺北醫學大學,Taipei Medical University,25.026679000000001,121.561746999999997,台北醫學大學(吳興街220巷59弄)(鄰近台北醫學大學),"Aly. 59, Ln. 220, Wuxing St.","48",R03,674.236020786086669,"MultiLineString ((121.561747 25.026679, 121.561564 25.032733))"
TPE0013,"13",TPE,福德公園,Fude Park,25.038090000000000,121.583669999999998,大道路/福德街路口北西側,The N.W. side of Road Dadao & St. Fude.,"58",BL20,656.724852099687496,"MultiLineString ((121.58367 25.03809, 121.581854 25.043703))"
TPE0014,"14",TPE,榮星花園,Rongxing Park,25.064240000000002,121.540369999999996,五常街/龍江路口(西南側)(鄰近榮星公園(原榮星花園)),The S.W. side of St.Wuchang & Road Longjiang.,"32",BR12,552.487077592845367,"MultiLineString ((121.54037 25.06424, 121.544031 25.060889))"
TPE0016,"16",TPE,松山家商,Songshan Vocational High School,25.036083999999999,121.579134999999994,林口街/福德街(東南側),The S.E. side of St. Linkou & St. Fude.,"48",BL19,587.540707979006470,"MultiLineString ((121.579135 25.036084, 121.576574 25.040699))"
TPE0017,"17",TPE,民生光復路口,Minsheng & Guangfu Intersection,25.058620000000001,121.555139999999994,光復北路/民生東路(西北側),The N.W. side of Road Guangfu S & Road Minsheng E.,"34",BR13,577.575575505588517,"MultiLineString ((121.55514 25.05862, 121.552241 25.062923))"
TPE0018,"18",TPE,臺北市藝文推廣處,Taipei City Arts Promotion Office,25.049408000000000,121.552610000000001,北寧路34號 對側(鄰近台北田徑場),"No.25, Sec. 3, Bade Rd.","40",G17,235.204807518360127,"MultiLineString ((121.55261 25.049408, 121.552549 25.05152))"
TPE0019,"19",TPE,象山公園,Xiangshan Park,25.028630000000000,121.569810000000004,松仁路153巷17號對面(鄰近象山步道),"No.17, Ln. 153, Songren Rd","30",R02,415.889632501884250,"MultiLineString ((121.56981 25.02863, 121.569809 25.032366))"
TPE0020,"20",TPE,捷運科技大樓站,MRT Technology Bldg. Sta.,25.025895999999999,121.543293000000006,科技大樓站對面(復興南路2段西側)(鄰近資訊科學展示中心),"No.235, Sec. 2, Fusing S. Rd.","58",BR08,47.778372134158367,"MultiLineString ((121.543293 25.025896, 121.543636 25.026154))"
TPE0021,"21",TPE,民生敦化路口,Minsheng & Dunhua Intersection,25.057984999999999,121.548981999999995,敦化民生路口公車站旁,The side of bus stop- Dunhua Minsheng Intersection.,"66",BR12,638.954648069690734,"MultiLineString ((121.548982 25.057985, 121.544031 25.060889))"
TPE0022,"22",TPE,松山車站,Songshan Rail Sta.,25.048824000000000,121.578450000000004,松山車站西出口外自行車格內(鄰近饒河街夜市/五分埔),Bicycle parking lot- West exit in Songshan station,"44",G19,120.927301011258123,"MultiLineString ((121.57845 25.048824, 121.577971 25.049799))"
TPE0023,"23",TPE,東新國小,Dongxin Elementary School,25.055074000000001,121.602798000000007,東新國小側門(東明街62號前),"A side entrance of Dongxin Elementery School(front of No. 62, Dongxin St.)","32",BL22,530.038026702794014,"MultiLineString ((121.602798 25.055074, 121.606357 25.051911))"
TPE0024,"24",TPE,信義建國路口,Xinyi & Jianguo Intersection,25.032930000000000,121.537469999999999,信義路三段/建國南路二段(西南側)(鄰近大安森林公園),"The N.S. side of Lianyun St. & Sec. 2, Xinyi Rd.","46",R06,171.954637660718106,"MultiLineString ((121.53747 25.03293, 121.535989 25.033369))"
TPE0025,"25",TPE,永吉松信路口,Yongji & Songxin Intersection,25.045430000000000,121.572050000000004,松信路/永吉路南西側人行道,The sidewalk- the S.W. side of Songxin Rd. & Yongji Rd.,"30",BL19,600.445869013903689,"MultiLineString ((121.57205 25.04543, 121.57512 25.040995))"
TPE0026,"26",TPE,捷運昆陽站(1號出口),MRT Kunyang Sta. (Exit 1),25.050142000000001,121.592375000000004,捷運昆陽站1號出口外停車場旁,The side of parking lots in the MRT Kunyang station (exit 1),"42",BL21,43.760030233334390,"MultiLineString ((121.592375 25.050142, 121.592726 25.050319))"
TPE0027,"27",TPE,捷運南港展覽館站(5號出口),MRT Nangang Exhibition Center Sta. (Exit 5),25.054690000000001,121.616690000000006,捷運南港展覽館站（5號出口）南側,The N.E side of Academia Rd. & Shihmin Blvd.,"38",BR24,31.637069787862295,"MultiLineString ((121.61669 25.05469, 121.616861 25.054917))"
TPE0028,"28",TPE,五常公園,Wuchang Park,25.048140000000000,121.574669999999998,松隆路/虎林街30巷口(西南側),The S.W side of Songlong Rd. & Hulin St.,"32",G19,286.037743970984423,"MultiLineString ((121.57467 25.04814, 121.576244 25.050171))"
TPE0029,"29",TPE,金山愛國路口,Jinshan & Aiguo Intersection,25.031639999999999,121.526550000000000,愛國東路/金山南路(西南側),The S.W side of Aiguo St. & Jinshan Rd.,"54",O06,269.147232584615494,"MultiLineString ((121.52655 25.03164, 121.527854 25.033676))"
TPE0030,"30",TPE,基隆長興路口,Keelung & Changxing Intersection,25.017054000000002,121.544352000000003,基隆路/長興街(東南側),The S.W side of Keelung Rd. & Changsing St.,"74",BR08,1016.138165825566375,"MultiLineString ((121.544352 25.017054, 121.543636 25.026154))"
TPE0031,"31",TPE,辛亥新生路口,Xinhai & Xinsheng Intersection,25.022413000000000,121.534559999999999,辛亥路/新生南路(高架橋下),Under the bridge- Sinhai Rd. & Shinsheng S. Rd.,"30",G08,656.888099623874155,"MultiLineString ((121.53456 25.022413, 121.529093 25.020192))"
TPE0032,"32",TPE,捷運六張犁站,MRT Liuzhangli Sta.,25.023883999999999,121.553161000000003,捷運出口外和平東路側,The outside of the MRT exit and the side of Heping E. Rd.,"38",BR07,47.333696758310396,"MultiLineString ((121.553161 25.023884, 121.552737 25.023852))"
TPE0033,"33",TPE,中崙高中,Zhonglun High School,25.048780000000001,121.560869999999994,八德路四段91巷(中崙高中)旁(鄰近京華城/中保寶貝城(BabyBoss City)),"The side of Ln. 91, Sec. 4, Bade Rd. ( beside Zhong-Lun High School)","46",G18,365.535545669010617,"MultiLineString ((121.56087 25.04878, 121.563073 25.051215))"
TPE0034,"34",TPE,捷運行天宮站(1號出口),MRT Xingtian Temple Sta. (Exit 1),25.058368999999999,121.532933999999997,捷運行天宮1號出口後方(松江路側),The side of Songjiang Rd.(the exit 1 of the MRT station of Xingtian Temple),"32",O09,9.773952721735091,"MultiLineString ((121.532934 25.058369, 121.533004 25.058316))"
TPE0035,"35",TPE,捷運行天宮站(3號出口),MRT Xingtian Temple Sta. (Exit 3),25.059978000000001,121.533302000000006,捷運行天宮站3號出口站外,The outside of the MRT station of Xingtian Temple.,"30",O09,15.892197571860585,"MultiLineString ((121.533302 25.059978, 121.533393 25.059868))"
TPE0036,"36",TPE,臺大資訊大樓,NTU Information Bldg.,25.021010000000000,121.541529999999995,辛亥路二段(臺大外語學院外),"Sec. 2, Xinghai Rd. (the outside ofLanguage Center of National Taiwan University)","72",BR08,618.759874223472707,"MultiLineString ((121.54153 25.02101, 121.543636 25.026154))"
TPE0037,"37",TPE,捷運東門站(4號出口),MRT Dongmen Sta. (Exit 4),25.033700000000000,121.528987999999998,信義路/麗水街口(鄰近永康街),Ren’ai Rd. & Lishuei St.,"46",O06,13.541227918771170,"MultiLineString ((121.528988 25.0337, 121.528879 25.033646))"
TPE0038,"38",TPE,臺灣師範大學(圖書館),NTNU Library,25.026603000000001,121.529439999999994,和平東路/師大路口(北側)(鄰近臺灣師範大學),The N. side of Heping E. Rd. & Shihda Rd.,"32",G08,629.236383164658378,"MultiLineString ((121.52944 25.026603, 121.527849 25.021179))"
TPE0039,"39",TPE,南港世貿公園,Nangang Park,25.058000000000000,121.614220000000003,三重路/經貿二路88巷(東北側),"The N.E. side of Sanchong Rd. & Ln. 88, Jingmao 2nd Rd.","26",BR23,284.473773325041691,"MultiLineString ((121.61422 25.058, 121.615817 25.059995))"
TPE0040,"40",TPE,玉成公園,Yucheng Park,25.042870000000001,121.586399999999998,玉成街247號前,"The front of No. 247, Yucheng St.","34",BL20,435.886146735931220,"MultiLineString ((121.5864 25.04287, 121.583277 25.045232))"
TPE0041,"41",TPE,中研公園,Academia Park,25.047425000000000,121.613705999999993,研究院路二段12巷/研究院路二段12巷58弄(西南側),"The S.W side of Ln. 12, Sec. 2, Academia Rd. & Aly. 58, Ln. 12, Sec. 2, Academia Rd.","30",BL22,866.207108452812577,"MultiLineString ((121.613706 25.047425, 121.60743 25.052025))"
TPE0042,"42",TPE,捷運後山埤站(1號出口),MRT Houshanpi Sta.(Exit 1),25.044309999999999,121.581739999999996,中坡北路/忠孝東路五段(西北側),The S.W side of Jhongsiao E. Rd. & Jhongpo N. Rd.,"38",BL20,38.793524891503985,"MultiLineString ((121.58174 25.04431, 121.58141 25.044422))"
TPE0043,"43",TPE,凌雲市場,Linyun Market,25.035639000000000,121.614153999999999,研究院路三段68巷/凌雲街(東北側),The N.E. side of St. Lingyun & Academia Rd.,"30",BL22,1971.685252434370796,"MultiLineString ((121.614154 25.035639, 121.60743 25.052025))"
TPE0044,"44",TPE,捷運南港軟體園區站(2號出口),MRT Nangang Software Park Sta.(Exit 2),25.059729999999998,121.616186999999996,捷運南港軟體園區站2號出口外,The outside of the MRT station exit 2 of Taipei Nangang Exhibition Center,"36",BR23,20.106962652796486,"MultiLineString ((121.616187 25.05973, 121.616091 25.059883))"
TPE0045,"45",TPE,捷運公館站(2號出口),MRT Gongguan Sta.(Exit 2),25.014759999999999,121.534537999999998,羅斯福路四段/舟山路(東北側)(鄰近公館夜市),The N.W. side of Roosevelt Rd.& Sinhai Rd.,"30",G07,20.901105220616301,"MultiLineString ((121.534538 25.01476, 121.534721 25.014718))"
TPE0046,"46",TPE,南港國小,Nangang Elementary School,25.056504000000000,121.611389000000003,惠民街/興東街(南側停車場),The opposite of parking lots of exit Singdong St. (Nan-Gang Elementary School),"58",BR24,621.805386041897236,"MultiLineString ((121.611389 25.056504, 121.616936 25.055847))"
TPE0047,"47",TPE,捷運忠孝新生站(4號出口),MRT Zhongxiao Xinsheng Sta.(Exit 4),25.042275000000000,121.533939000000004,忠孝東路三段 / 新生南路一段口 東北側(鄰近國立台北科技大學),"The intersection of Sec. 3, Zhongxiao E. Rd. & Ln. 10, Sec. 3, Zhongxiao E. Rd.","34",BL14,61.894537841718382,"MultiLineString ((121.533939 25.042275, 121.53368 25.041783))"
TPE0048,"48",TPE,南港車站(忠孝東路),Nangang Rail Sta.(Zhongxiao E.Rd.),25.052470000000000,121.608202000000006,忠孝東路七段與忠孝東路七段415巷交叉口(鄰近南港高鐵站),"The intersection of Sec. 7, Zhongxiao E. Rd. & Ln. 415, Sec. 7, Zhongxiao E. Rd","38",BL22,99.193661988441832,"MultiLineString ((121.608202 25.05247, 121.60743 25.052025))"
TPE0049,"49",TPE,龍門廣場,Longmen Square,25.040901000000002,121.548252000000005,忠孝東路/敦化南路(西南側廣場）(鄰近東區地下街),"Sec. 1, Dunhua S. Rd. & Ln. 236, Sec. 1, Dunhua S. Rd.","52",BL16,103.620927469865421,"MultiLineString ((121.548252 25.040901, 121.549174 25.041029))"
TPE0050,"50",TPE,民權運動公園,MinQuan Park,25.062002000000000,121.560186000000002,民權東路四段/新中街交叉口,"The intersection of Sec. 4, Mincyuan E. Rd. & Xinzhong St.","52",BR13,890.355988012369039,"MultiLineString ((121.560186 25.062002, 121.552241 25.062923))"
TPE0051,"51",TPE,建國農安街口,Jianguo & Nongan Intersection,25.065031000000001,121.536775000000006,建國北路/農安街口(中油旁邊空地)(鄰近榮星公園(原榮星花園)),(Behind empty area of CPC coporation) Jianguo N. Rd. & Nong’an St.,"44",O09,668.753283970211442,"MultiLineString ((121.536775 25.065031, 121.532991 25.060365))"
TPE0052,"52",TPE,建國長春路口,Jianguo & Changchun Intersection,25.054760999999999,121.536924999999997,建國北路/長春路口(北側),The N. side of Jianguo N. Rd. & Changchun Rd.,"30",O08,450.493034813113354,"MultiLineString ((121.536925 25.054761, 121.534081 25.051882))"
TPE0053,"53",TPE,八德市場,Bade Market,25.044781000000000,121.536608999999999,建國南路一段/市民大道交叉口(北側) (鄰近國立台北科技大學),"The intersection of Sec.1, Jianguo S. Rd. & Civic Blvd.","26",BL14,458.024514956038104,"MultiLineString ((121.536609 25.044781, 121.533213 25.042458))"
TPE0054,"54",TPE,臺北市立圖書館(總館),Taipei Public Library,25.028797999999998,121.538072999999997,建國南路二段/建國南路二段151巷(東北側),"The N.E. side of Sec. 2, Jianguo S. Rd. & Ln. 151, Sec. 2, Jianguo S. Rd.","30",R06,559.230577372995981,"MultiLineString ((121.538073 25.028798, 121.535989 25.033369))"
TPE0055,"55",TPE,臺北田徑場,Taipei Stadium,25.049505000000000,121.549408000000000,敦化北路3號(鄰近臺北小巨蛋/台北田徑場),"No.3, Dunhua N. Rd.","46",G17,272.143827164130300,"MultiLineString ((121.549408 25.049505, 121.550715 25.051571))"
TPE0056,"56",TPE,仁愛林森路口,Renai & Linsen Intersection,25.038954000000000,121.522334000000001,林森南路/仁愛路一段路口(東北側)(鄰近臺北市青少年發展處/中正親子館),"The N.E. side of Linsen S. Rd & Sec. 1, Ren’ai Rd.(42)","42",BL13,611.146417386208668,"MultiLineString ((121.522334 25.038954, 121.524217 25.044111))"
TPE0057,"57",TPE,新生和平路口,Xinsheng & Heping Intersection,25.026216999999999,121.535190000000000,新生南路二段/和平東路二段(東北側),"The N.E. side of Sec. 2, Xinsheng S. Rd. & Sec. 2, Heping E. Rd","46",R06,798.686742692576445,"MultiLineString ((121.53519 25.026217, 121.535292 25.033391))"
TPE0058,"58",TPE,捷運善導寺站(1號出口),MRT Shandao Temple Sta(Exit 1),25.045266999999999,121.522199999999998,天津街/忠孝東路一段(東北側)(鄰近台北國際藝術村/蝴蝶宮昆蟲博物館/台北希望廣場),"The N.E. side of Tianjin St. & Sec. 1, Zhongxiao E. Rd.","48",BL13,92.024329342592139,"MultiLineString ((121.5222 25.045267, 121.523009 25.045097))"
TPE0059,"59",TPE,林森公園,Linsen Park,25.052226999999998,121.525805000000005,林森北路/南京東路一段(鄰近林森公園/康樂公園),"Linsen N. Rd. & Sec. 1, Nanjing E. Rd.","32",R11,519.508599550838426,"MultiLineString ((121.525805 25.052227, 121.521154 25.052611))"
TPE0060,"60",TPE,中山行政中心,Zhongshan Dist. Admin. Office,25.064316999999999,121.533486999999994,松江路/農安街口(鄰近行天宮),Songjiang Rd. & Nong’an St.,"30",O09,443.385965033316438,"MultiLineString ((121.533487 25.064317, 121.532991 25.060365))"
TPE0061,"61",TPE,台灣科技大學,N.T.U.S.T,25.013100000000001,121.539722999999995,基隆路四段/基隆路四段73巷交叉口(鄰近國立台灣科技大學),"The intersection of Sec. 4, Keelung Rd. & Ln. 73, Sec. 4, Keelung Rd","86",G07,585.226457123080650,"MultiLineString ((121.539723 25.0131, 121.534721 25.014718))"
TPE0062,"62",TPE,南昌公園,Nanchang Park,25.026827000000001,121.520257999999998,和平西路一段/南昌路,"Sec. 1, Heping W. Rd.& Nanchang Rd.","34",G09,183.894172084207156,"MultiLineString ((121.520258 25.026827, 121.521894 25.027056))"
TPE0063,"63",TPE,仁愛醫院,Taipei City Hospital Renai Branch,25.037569000000001,121.545631999999998,大安路一段/仁愛路四段,"Da’an Rd. & Sec. 4, Sinyi Rd.","36",BR10,443.558653920275901,"MultiLineString ((121.545632 25.037569, 121.544806 25.041467))"
TPE0064,"64",TPE,國家圖書館,National Central Library,25.037773000000001,121.517028999999994,中山南路/貴陽街口(西南側)(鄰近台北賓館),The S.W. side of Zhongshan S. Rd. & Guiyang St.,"50",R08,217.561834259058770,"MultiLineString ((121.517029 25.037773, 121.516543 25.03588))"
TPE0065,"65",TPE,青年公園3號出口,Youth Park(Exit 3),25.022725000000001,121.502707999999998,青年路/青年路106巷(東側)(鄰近青年公園),"The E. side of Qingnian Rd. & Ln. 106, Qingnian Rd.","38",BL10,1416.128998360636160,"MultiLineString ((121.502708 25.022725, 121.499798 25.035109))"
TPE0066,"66",TPE,師範大學公館校區,NTNU Gongguan Campus,25.007528000000001,121.537188000000000,師大公館校區校門口(汀州路側),The side of Tingzhou Rd. (National Taiwan Normal University- Gongguan Campus),"42",G06,561.665687183427394,"MultiLineString ((121.537188 25.007528, 121.538572 25.002676))"
TPE0067,"67",TPE,捷運臺大醫院(4號出口),MRT Nat’l Taiwan U. Hospital Sta.(Exit 4),25.042973000000000,121.516428000000005,公園路/襄陽路(西南側)(鄰近二二八和平紀念公園/國立臺灣博物館/台北賓館),The S.W. side of Gongyuan Rd. & Siangyang Rd.,"48",R09,17.966979608384463,"MultiLineString ((121.516428 25.042973, 121.516299 25.042876))"
TPE0068,"68",TPE,國興青年路口,Guoxing & Qingnian Intersection,25.025865000000000,121.506535999999997,國興路/青年路(西南側)(鄰近萬華親子館),The S.W. side of Guoxing Rd. & Qingnian Rd.,"36",G11,1159.641813707708707,"MultiLineString ((121.506536 25.025865, 121.509865 25.035736))"
TPE0069,"69",TPE,興豐公園,Xingfong Park,24.999836999999999,121.547777999999994,興隆路二段123巷/興隆路二段(西北側),"The N.W. side of Ln. 123, Sec. 2, Xinglong Rd. & Sec. 2, Xinglong Rd.","34",G06,927.807413745744498,"MultiLineString ((121.547778 24.999837, 121.539613 25.00151))"
TPE0070,"70",TPE,捷運台北101/世貿站,MRT Taipei 101/World Trade Center Sta.,25.032751999999999,121.561644999999999,莊敬路/信義路五段(東南側)(鄰近台北世界貿易中心(世貿)/台北國際會議中心/信義公民會館(四四南村)/信義親子館),"The S.E. side of Zhuangjing Rd. & Sec. 5, Xinyi Rd.","52",R03,9.261621075003557,"MultiLineString ((121.561645 25.032752, 121.561564 25.032733))"
TPE0071,"71",TPE,捷運信義安和站(4號出口),MRT Xinyi Anhe Sta.(Exit.4),25.032985000000000,121.554203999999999,通化街/信義路四段(西南側)(鄰近臨江街夜市(通化夜市)/大安親子館),"The S.W. side of Tonghua St. & Sec. 4, Xinyi Road., Daan Dist.","30",R04,84.482986455367708,"MultiLineString ((121.554204 25.032985, 121.553526 25.033326))"
TPE0072,"72",TPE,新生長安路口,Xinsheng & Changan Intersection,25.048611000000001,121.529346000000004,新生北路一段/長安東路二段交叉口(北側),"The intersection of Sec. 1, Xinsheng N. Rd. & Sec. 2, Chang’an E. Rd.","42",O08,479.310910565494339,"MultiLineString ((121.529346 25.048611, 121.53287 25.051085))"
TPE0073,"73",TPE,酒泉延平路口,Jiuquan & Yanping Intersection,25.072227999999999,121.510194999999996,延平北路四段/酒泉街(西北側),"The N.W. side of Sec. 4, Yanping N. Rd. & Jiuquan St.","32",O12,1011.680118886467199,"MultiLineString ((121.510195 25.072228, 121.51344 25.063739))"
TPE0074,"74",TPE,信義連雲街口,Xinyi & Lianyun Intersection,25.033816999999999,121.530546999999999,信義路二段/連雲街(東北側),"The N.S. side of Lianyun St. & Sec. 2, Xinyi Rd.","40",O06,66.749843789438600,"MultiLineString ((121.530547 25.033817, 121.529957 25.033924))"
TPE0075,"75",TPE,基隆光復路口,Keelung & Guangfu Intersection,25.030050800000001,121.557635000000005,基隆路二段/光復南路(東北側)(鄰近通化夜市),"The intersection of Sec. 2, Keelung Rd. & Guangfu S. Rd.","30",R03,529.572427821446809,"MultiLineString ((121.557635 25.0300508, 121.561564 25.032733))"
TPE0076,"76",TPE,新生長春路口,Xinsheng & Changchun Intersection,25.056387000000001,121.527522000000005,新生北路二段/新生北路二段68巷交叉口(新生橋下),"Under the bridge- the intersection of Sec. 2, Xinsheng N. Rd. & Ln. 68, Sec. 2, Xinsheng N. Rd.","36",O09,646.931618903341587,"MultiLineString ((121.527522 25.056387, 121.533004 25.058316))"
TPE0077,"77",TPE,民生活動中心,Minsheng Activity Center,25.059146999999999,121.562970000000007,民生東路五段/三民路口(西北側)(鄰近松山親子館),"The N.W. side of Sec. 5, Minsheng E. Rd. & Sanmin Rd.","32",G18,852.665364712669316,"MultiLineString ((121.56297 25.059147, 121.563643 25.051517))"
TPE0078,"78",TPE,捷運圓山站(2號出口),MRT Yuanshan Sta. (Exit 2),25.071823999999999,121.519287000000006,承德路三段/庫倫街(東南側)(鄰近台北孔廟/花博公園圓山園區/花博圓山公園區-爭艷館/中山親子館),"The S.E. side of Sec. 3, Chengde Rd. & Kulun St.","52",R14,91.549368508832330,"MultiLineString ((121.519287 25.071824, 121.520108 25.071776))"
TPE0079,"79",TPE,捷運民權西路站(3號出口),MRT Minquan W.Rd. Sta.(Exit 3),25.061285000000002,121.520205000000004,民權西路70巷37號對面,"The opposite of No.37, Ln. 70, Minquan W. Rd.","50",R13,71.011190929218515,"MultiLineString ((121.520205 25.061285, 121.519786 25.061766))"
TPE0080,"80",TPE,華江高中,Huajiang High School,25.027509999999999,121.495868999999999,東園街/東園街35巷(東北側),"The N.E. side of Dongyuan St. & Ln. 35, Dongyuan St.","44",BL10,952.298015627092923,"MultiLineString ((121.495869 25.02751, 121.499798 25.035109))"
TPE0081,"81",TPE,捷運台電大樓站(2號出口),MRT Taipower Building Sta. (Exit 2),25.020547000000001,121.528552000000005,羅斯福路/辛亥路交叉口(古亭國小前),The intersection of Roosevelt Rd. & Xinhai Rd. (Gu Ting Elementary School),"40",G08,72.032054720121252,"MultiLineString ((121.528552 25.020547, 121.529093 25.020192))"
TPE0082,"82",TPE,捷運西門站(3號出口),MRT Ximen Sta.(Exit 3),25.041778000000001,121.508692999999994,中華路一段/寶慶路(東南側)(鄰近國軍歷史文物館/中山堂/西門紅樓),"The S.E. side of Sec. 1, Zhonghua Rd. & Baoqing Rd.","60",BL11,21.741810858827847,"MultiLineString ((121.508693 25.041778, 121.508888 25.041789))"
TPE0083,"83",TPE,捷運大安森林公園站,MRT Daan Park Sta.,25.033344000000000,121.534236000000007,信義路三段31巷/信義路三段(南側)(鄰近大安森林公園),"The S. side of Ln. 31, Sec. 3, Xinyi Rd. & Sec. 3, Xinyi Rd.","74",R06,28.426822070488104,"MultiLineString ((121.534236 25.033344, 121.534487 25.033391))"
TPE0084,"84",TPE,復華花園新城,Fuhua Garden New Village(City),25.029705000000000,121.502898999999999,西藏路115號/西藏路(東南側),"The S.E. side of No.115, Xizang Rd. & Xizang Rd.","38",BL10,651.988146183285266,"MultiLineString ((121.502899 25.029705, 121.501622 25.035421))"
TPE0085,"85",TPE,信義敦化路口,Xinyi & Dunhua Intersection,25.033362000000000,121.549109999999999,信義路四段/敦化南路一段(東北側),"The N.E. side of Sec. 4, Xinyi Rd. & Sec. 1, Dunhua S. Rd.","46",R04,360.547728690208146,"MultiLineString ((121.54911 25.033362, 121.552332 25.033032))"
TPE0086,"86",TPE,民權復興路口,Minquan & Fuxing Intersection,25.062344000000000,121.545137999999994,復興北路/民權東路三段(東北側),"The N.E. side of Fuxing N. Rd. & Sec. 3, Minquan E. Rd.","36",BR12,203.519126475474650,"MultiLineString ((121.545138 25.062344, 121.544031 25.060889))"
TPE0087,"87",TPE,捷運大安站,MRT Daan Sta.,25.033078000000000,121.543057000000005,復興南路/信義路三段(西南側),The S.W. side of Fuxing S. Rd. & Sec. 3 Xinyi Rd.,"48",BR09,77.517061842694403,"MultiLineString ((121.543057 25.033078, 121.543719 25.032862))"
TPE0088,"88",TPE,捷運象山站,MRT Xiangshan Sta.,25.032921999999999,121.570869999999999,信義路五段/信義路五段91巷(西北側),"The N.W. side of Sec. 5, Xinyi Rd. & Ln. 91, Sec. 5, Xinyi Rd.","62",R02,52.573922158985148,"MultiLineString ((121.57087 25.032922, 121.570408 25.03302))"
TPE0089,"89",TPE,和平重慶路口,Heping Chongqing Intersection,25.027322999999999,121.516385000000000,重慶南路三段/和平西路一段(東北側),"The N.E. side of Sec. 3, Chongqing S. Rd. & Sec. 1, Heping W. Rd.","44",R08,603.144831782891288,"MultiLineString ((121.516385 25.027323, 121.518261 25.032406))"
TPE0090,"90",TPE,老松國小,Laosong Elementary School,25.037783000000001,121.501707999999994,康定路/桂林路(東南側)(鄰近艋舺龍山寺/艋舺清水巖祖師廟/台北市鄉土教育中心(剝皮寮歷史街區)),The S.E. side of Kangding Rd. & Guilin Rd.,"44",BL10,263.110863814249797,"MultiLineString ((121.501708 25.037783, 121.501622 25.035421))"
TPE0091,"91",TPE,市立美術館,Taipei Fine Arts Museum,25.070629000000000,121.523268000000002,中山北路三段/酒泉街(西南側)(鄰近台北市立美術館/花博公園美術園區/台北故事館/花博公園圓山園區/花博圓山公園區-爭艷館/中山親子館),"The S.W. side of Sec. 3, Zhongshan N. Rd. & Jiuquan St.","36",R14,360.537022272636591,"MultiLineString ((121.523268 25.070629, 121.520033 25.070785))"
TPE0092,"92",TPE,開封西寧路口,Kaifong & Xining Intersection,25.046617999999999,121.507169000000005,開封街二段/西寧南路(東北側)(鄰近西門町),"The N.E. side of Sec. 2, Kaifeng St. & Xining S. Rd.","42",G13,381.460726166300560,"MultiLineString ((121.507169 25.046618, 121.509862 25.048737))"
TPE0093,"93",TPE,吳興公車總站,Wu Xing Bus Station.,25.023876999999999,121.569835999999995,松仁路/吳興街交叉口,The intersection of Songren Rd. & Wuxing St.,"56",R02,944.995937159454911,"MultiLineString ((121.569836 25.023877, 121.569809 25.032366))"
TPE0094,"94",TPE,捷運景美站,MRT Jingmei Sta.,24.993254000000000,121.541059000000004,羅斯福路六段/景中街交叉口(東北側)(鄰近景美夜市),"The intersectionof Sec. 6, Roosevelt Rd. & Jingzhong St.","52",G05,54.986532633592759,"MultiLineString ((121.541059 24.993254, 121.541517 24.993069))"
TPE0095,"95",TPE,東園國小,Dongyuan Elementary School,25.023392999999999,121.497679000000005,東園街/萬大路344巷(東南側),"The S.E. side of Dongyuan St. & Ln. 344, Wanda Rd.","32",BL10,1325.379118393334011,"MultiLineString ((121.497679 25.023393, 121.499798 25.035109))"
TPE0096,"96",TPE,三民公園,Sanmin Park,25.061567000000000,121.566558000000001,撫遠街/富錦街(東南側),The S.E. side of Fuyuan St. & Fujin St.,"30",G18,1129.745008242821086,"MultiLineString ((121.566558 25.061567, 121.56471 25.051588))"
TPE0097,"97",TPE,捷運劍潭站(2號出口),MRT Jiantan Sta.(Exit 2),25.082825000000000,121.524721000000000,基河路18號對面(鄰近劍潭公園),"The opposite of No.18, Jihe Rd.","52",R15,71.995143772323289,"MultiLineString ((121.524721 25.082825, 121.524807 25.083466))"
TPE0098,"98",TPE,羅斯福景隆街口,Roosevelt & Jinglong Intersection,24.999378000000000,121.540197000000006,羅斯福路六段/景隆街交叉口(東南側),"The intersection of Sec. 6, Roosevelt Rd. & Jinglong St. (the S.E. side)","42",G06,246.076008616966163,"MultiLineString ((121.540197 24.999378, 121.539613 25.00151))"
TPE0099,"99",TPE,捷運雙連站(2號出口),MRT Shuanglian Sta. (Exit 2),25.057866000000001,121.520711000000006,民生西路/萬全街(東北側),The N.E. side of Minsheng W. Rd. & Wanquan St.,"42",R12,11.620496561795161,"MultiLineString ((121.520711 25.057866, 121.520615 25.057825))"
TPE0100,"100",TPE,金山市民路口,Jinshen & Civic Blvd. Intersection,25.045753000000001,121.530697000000004,金山北路/市民大道三段(南側)(鄰近華山文化創意產業園區/光華數位新天地(光華商場)/三創生活園區),"The S. side of Jinshan N. Rd. & Sec. 3, Civic Blvd.","40",BL14,353.715558072880981,"MultiLineString ((121.530697 25.045753, 121.531829 25.042784))"
TPE0101,"101",TPE,華山文創園區,Huashan 1914‧Creative Park,25.043668000000000,121.528486999999998,忠孝東路二段41號前(鄰近華山文化創意產業園區/光華數位新天地(光華商場)/三創生活園區),"Front of No.41, Sec. 2, Zhongxiao E. Rd.","50",BL14,384.824572456888859,"MultiLineString ((121.528487 25.043668, 121.531829 25.042784))"
TPE0102,"102",TPE,臺北市客家文化主題公園,Taipei City Hakka Cultural Park,25.020430000000001,121.525322000000003,師大路/汀州路交叉口(鄰近客家文化主題公園(原兒童交通博物館)),The intersection of Shida Rd. & Tingzhou Rd.,"32",G08,229.392955258416009,"MultiLineString ((121.525322 25.02043, 121.527297 25.021018))"
TPE0103,"103",TPE,萬華車站,Wanhua Rail Sta.,25.033639000000001,121.503028000000000,艋舺大道83號(對側),"No.83, Bangka Blvd. (oppsite)","60",BL10,252.682003109623508,"MultiLineString ((121.503028 25.033639, 121.501622 25.035421))"
TPE0104,"104",TPE,台北花木批發市場,Taipei Pot Plant Auction,25.004023000000000,121.540740000000000,萬盛街/興隆路一段(西北側),"The N.W. side of Wansheng St. Sec. 1, Xinglong Rd.","38",G06,264.741271208119713,"MultiLineString ((121.54074 25.004023, 121.539195 25.002215))"
TPE0105,"105",TPE,峨嵋停車場,Emei Parking Lot,25.044412000000001,121.505409000000000,昆明街/西寧南路50巷(東南側)(鄰近西門町/台北市電影主題公園/西門紅樓),"The S.E. side of Kunming St. & Ln. 50, Xining S. Rd.","42",BL11,318.598833070458511,"MultiLineString ((121.505409 25.044412, 121.507602 25.042573))"
TPE0106,"106",TPE,西園艋舺路口,Xiyuan & Bangka Intersection,25.032931999999999,121.497674000000004,西園路二段/艋舺大道(西南側),"The S.W. side of Sec. 2, Xiyuan Rd. & Bangka Blvd.","44",BL10,338.577915570495463,"MultiLineString ((121.497674 25.032932, 121.499798 25.035109))"
TPE0107,"107",TPE,捷運小南門站(1號出口),MRT Xiaonanmen Sta. (Exit 1),25.036401999999999,121.509422000000001,博愛路/愛國西路交叉口(西北側),The intersection of Bo’ai Rd. & Aiguo W. Rd.,"54",G11,36.907741724327018,"MultiLineString ((121.509422 25.036402, 121.509752 25.036434))"
TPE0108,"108",TPE,臺北孔廟,Taipei Confucius Temple,25.073305999999999,121.515843000000004,哈密街59巷/哈密街(東北側)(鄰近台北孔廟/保安宮),"The N.E. side of Ln. 59, Hami St. & Hami St.","32",R14,504.402911398355059,"MultiLineString ((121.515843 25.073306, 121.520108 25.071776))"
TPE0109,"109",TPE,林安泰古厝,Lin An-tai Historical House,25.071605999999999,121.530805000000001,濱江街5號對面(鄰近林安泰古厝/花博公園新生園區),"No.5, Binjiang St.","36",O10,1071.743340798046120,"MultiLineString ((121.530805 25.071606, 121.526835 25.062835))"
TPE0110,"110",TPE,文湖國小,Wenhu Elementary School,25.086376000000001,121.560888000000006,文湖街21巷/文湖街(東北側),"The N.E. side of Ln. 21, Wenhu St. & Wenhu St.","44",BR15,573.309038377635375,"MultiLineString ((121.560888 25.086376, 121.556098 25.084484))"
TPE0111,"111",TPE,捷運忠孝復興站(2號出口),MRT Zhongxiao Fuxing Sta.(Exit 2),25.040184000000000,121.543497000000002,復興南路一段/仁愛路三段123巷13弄(西北側),"The N.W. side of Sec. 1, Fuxing S. Rd. & Aly. 13, Ln. 123, Sec. 3, Ren’ai Rd.","54",BR10,130.622216498746042,"MultiLineString ((121.543497 25.040184, 121.543422 25.041355))"
TPE0112,"112",TPE,捷運新北投站,MRT Xinbeitou Sta.,25.137456000000000,121.503124000000000,大業路/中和街交叉口(鄰近凱達格蘭文化館/北投復興公園),Daye Rd. & Zhonghe St.  Intersection,"48",R27,70.241099125143791,"MultiLineString ((121.503124 25.137456, 121.503524 25.136968))"
TPE0113,"113",TPE,仁愛逸仙路口,Renai & Yixian Intersection,25.037724000000001,121.561177999999998,仁愛路四段/逸仙路(西北側)(鄰近國父紀念館/台北探索館),"Sec. 4, Ren’ai Rd. & Yixian Rd.","38",BL17,483.173231684178859,"MultiLineString ((121.561178 25.037724, 121.558539 25.04117))"
TPE0114,"114",TPE,蘭雅公園,Lanya Park,25.109908000000001,121.530385999999993,忠誠路二段/忠誠路二段40巷(西南側),"Sec. 2, Zhongcheng Rd. & Ln. 40, Sec. 2, Zhongcheng Rd.","30",R17,1122.836370190429989,"MultiLineString ((121.530386 25.109908, 121.522356 25.103804))"
TPE0115,"115",TPE,臺北轉運站,Taipei Bus Sta.,25.048221999999999,121.520526000000004,中山北路一段/市民大道一段(西北側)(鄰近台北當代藝術館/台北轉運站(京站時尚廣場)/國父史蹟紀念館(逸仙公園)/台北國際藝術村),"Sec. 1, Zhongshan N. Rd. & Sec. 1, Civic Blvd.","68",R10,163.364718838621343,"MultiLineString ((121.520526 25.048222, 121.519067 25.048064))"
TPE0116,"116",TPE,福林公園,Fulin Park,25.096122000000001,121.530214999999998,志成街/中正路(南側)(鄰近志成公園/福林公園),Zhicheng St. & Zhongzheng Rd.,"44",R16,523.536133278012699,"MultiLineString ((121.530215 25.096122, 121.525966 25.094106))"
TPE0117,"117",TPE,捷運北投站,MRT Beitou Sta.,25.132580999999998,121.498617999999993,光明路2巷/光明路交叉口(鄰近北投親子館),"Ln. 2, Guangming Rd. & Guangming Rd.  Intersection","58",R22,51.389229558602722,"MultiLineString ((121.498618 25.132581, 121.49824 25.132316))"
TPE0118,"118",TPE,大業大同街口,Daye & Datong Intersection,25.136928999999999,121.499151999999995,大業路/大同街口,Daye Rd. & Datong St.  Intersection,"36",R27,486.708177149478615,"MultiLineString ((121.499152 25.136929, 121.503524 25.136968))"
TPE0119,"119",TPE,捷運劍南路站(2號出口),MRT Jiannan Rd. Sta.(Exit 2),25.084180000000000,121.555115999999998,敬業二路/植福路(東北側)(鄰近美麗華百樂園/劍潭古寺),Jingye 2nd Rd. & Zhifu Rd.,"68",BR15,63.932383651214387,"MultiLineString ((121.555116 25.08418, 121.555097 25.084754))"
TPE0120,"120",TPE,捷運龍山寺站(1號出口),MRT Longshan Temple Sta. (Exit. 1),25.035478999999999,121.500259999999997,和平西路三段/和平西路三段109巷(西北側)(鄰近艋舺龍山寺/艋舺夜市(萬華夜市)),"Sec. 3, Heping W. Rd. & Ln. 109, Sec. 3, Heping W. Rd.","46",BL10,65.889855202762504,"MultiLineString ((121.50026 25.035479, 121.499798 25.035109))"
TPE0121,"121",TPE,龍江南京路口,Longjiang & Nanjing Intersection,25.052980000000002,121.540567999999993,龍江路110號對面停車場,"No.100, Longjiang Rd.","66",BR11,177.338412653868346,"MultiLineString ((121.540568 25.05298, 121.542121 25.052625))"
TPE0122,"122",TPE,捷運港墘站(2號出口),MRT Gangqian Sta. (Exit 2),25.079666000000000,121.575839999999999,內湖路一段/港墘路(東南側),"Sec. 1, Neihu Rd./Gangqian Rd. (southeast)","50",BR17,62.437831199359870,"MultiLineString ((121.57584 25.079666, 121.57556 25.080152))"
TPE0123,"123",TPE,天母運動公園,Tienmu Sports Park,25.116325000000000,121.534136000000004,忠誠路二段/忠誠路二段207巷(東南側),"Sec.2,Zhongcheng Rd./Ln.207,Sec.2,Zhongcheng Rd.","44",R18,1842.224964982231768,"MultiLineString ((121.534136 25.116325, 121.519153 25.109298))"
TPE0124,"124",TPE,振華公園,Zenhua Park,25.115863000000001,121.518163000000001,振華街36號對面,"No.36, Zhenhua St.","36",R19,332.952949564068092,"MultiLineString ((121.518163 25.115863, 121.516205 25.113602))"
TPE0125,"125",TPE,華西公園,Huaxi Park,25.038609000000001,121.498495000000005,華西街/桂林路(東北側)(鄰近艋舺龍山寺/華西街夜市/艋舺青山宮/艋舺夜市(萬華夜市)),Huaxi St. & Guilin Rd.,"30",BL10,366.456763887122975,"MultiLineString ((121.498495 25.038609, 121.49953 25.035484))"
TPE0126,"126",TPE,敦化基隆路口,Dunhua & Keelung Intersection,25.022072999999999,121.548336000000006,敦化南路二段/基隆路二段交叉口,"Sec. 2, Dunhua S. Rd. & Sec. 2, Keelung Rd.","30",BR07,528.429319611454162,"MultiLineString ((121.548336 25.022073, 121.552737 25.023852))"
TPE0127,"127",TPE,東湖國中,Donghu Junior High School,25.073277000000001,121.619521000000006,康樂街/康樂街125巷(東南側),"Kangle St./Ln. 125, Kangle St.","40",BR22,1110.583545873636467,"MultiLineString ((121.619521 25.073277, 121.611724 25.067053))"
TPE0128,"128",TPE,成功國宅,Chengong Public Housing,25.026807999999999,121.546726000000007,四維路198巷/和平東路三段1巷,"Ln. 198, Siwei Rd./Ln. 1, Sec. 3, Heping E. Rd","36",BR08,351.597214827844425,"MultiLineString ((121.546726 25.026808, 121.543636 25.026154))"
TPE0129,"129",TPE,捷運文德站(2號出口),MRT Wende Sta. (Exit 2),25.078423999999998,121.584559999999996,文德路220巷/文德路(西南側),"Ln. 220, Wende Rd./Wende Rd.","50",BR18,10.175843678950706,"MultiLineString ((121.58456 25.078424, 121.58447 25.078408))"
TPE0130,"130",TPE,羅斯福寧波東街口,Roosevelt & Ningbo E. St. Intersection,25.031445000000001,121.519411000000005,羅斯福路一段/寧波東街(東南側)(鄰近愛國東路婚紗街),"Sec. 1, Roosevelt Rd. & Ningbo E. St.","26",R08,103.701559569409326,"MultiLineString ((121.519411 25.031445, 121.519 25.032281))"
TPE0131,"131",TPE,洲子二號公園,Zhouzhi Park No.2,25.079322000000001,121.568687999999995,瑞光路500號對面,"Opposite to the parking space No.500, Ruiguang Rd.","52",BR16,346.498970250074933,"MultiLineString ((121.568688 25.079322, 121.567141 25.082023))"
TPE0132,"132",TPE,羅斯福新生南路口,Roosevelt & Xinsheng S. Intersection,25.016030850000000,121.533175700000001,羅斯福路四段/新生南路三段交叉口(鄰近公館夜市),"Sec. 4, Roosevelt Rd./Sec. 3, Xinsheng S. Rd.","88",G07,110.172636980068404,"MultiLineString ((121.5331757 25.01603085, 121.533623 25.015148))"
TPE0133,"133",TPE,蘭興公園,Lanxing Park,25.111839000000000,121.525887999999995,中山北路六段/士東路(西北側),"Sec.6, Zhongshan N. Rd / Shidong Rd","40",R18,801.321785189965226,"MultiLineString ((121.525888 25.111839, 121.519153 25.109298))"
TPE0134,"134",TPE,捷運芝山站(2號出口),MRT Zhishan Sta.(Exit 2),25.103359999999999,121.522628999999995,福華路/福華路162巷(東南側),"Fuhua Rd. / Ln. 162, Fuhua Rd.","64",R17,58.021380253607163,"MultiLineString ((121.522629 25.10336, 121.522356 25.103804))"
TPE0135,"135",TPE,捷運石牌站(2號出口),MRT Shipai Sta. (Exit 2),25.114512999999999,121.515676999999997,東華街一段/裕民二路(西側),"Sec. 1, Donghua St. / Yumin 2nd Rd.","54",R19,78.720434077451884,"MultiLineString ((121.515677 25.114513, 121.515171 25.115007))"
TPE0136,"136",TPE,國立臺北護理健康大學,NTUNHS,25.117457000000002,121.516679999999994,石牌路二段100號(北側),"No.100, Sec. 1, Shihpai Rd.","30",R19,320.313609002647183,"MultiLineString ((121.51668 25.117457, 121.515171 25.115007))"
TPE0137,"137",TPE,國防大學,Nat’l Defense U.,25.137975999999998,121.493065999999999,中央北路二段/豐年路二段交叉口,"Sec. 2, Zhongyang N. Rd. / Sec. 2, Fengnian Rd.","46",R22,853.653397201613870,"MultiLineString ((121.493066 25.137976, 121.49824 25.132316))"
TPE0138,"138",TPE,捷運永春站(2號出口),MRT Yongchun Sta. (Exit 2),25.040558000000001,121.575372000000002,忠孝東路五段420號旁(東側巷道上),"No.420, Sec. 5, Zhongxiao E. Rd.","30",BL19,16.298709345515118,"MultiLineString ((121.575372 25.040558, 121.575383 25.040704))"
TPE0139,"139",TPE,永樂市場,Yongle Market,25.054500999999998,121.510548999999997,民樂街/南京西路233巷(西北側)(鄰近迪化街/永樂市場(永樂布業商場)/霞海城隍廟),"Minle St., Datong Dist./Ln. 233, Nanjing W. Rd.","38",G13,508.658794227095257,"MultiLineString ((121.510549 25.054501, 121.510227 25.049943))"
TPE0140,"140",TPE,捷運大橋頭站(2號出口),MRT Daqiaotou Sta. (Exit 2),25.063403999999998,121.512908999999993,民權西路/重慶北路三段(東北側)(鄰近延三夜市(大橋頭夜市)),"Minquan W. Rd./ Sec. 3, Chongqing N. Rd.","46",O12,45.284188719801200,"MultiLineString ((121.512909 25.063404, 121.513258 25.063195))"
TPE0141,"141",TPE,文山行政中心,Wenshan Dist. Admin. Center,24.989902000000001,121.569984000000005,木柵路三段220號前,"No.220, Sec. 3, Muzha Rd.","36",BR03,981.812091675135093,"MultiLineString ((121.569984 24.989902, 121.568409 24.99858))"
TPE0142,"142",TPE,捷運木柵站,MRT Muzha Sta.,24.997996000000001,121.574439999999996,木柵路四段82巷18號前(捷運橋樑下),"No.18, Ln. 82, Sec. 4, Muzha Rd.","52",BR02,115.590859486189700,"MultiLineString ((121.57444 24.997996, 121.573417 24.998174))"
TPE0143,"143",TPE,捷運動物園站(2號出口),MRT Taipei Zoo Sta.(Exit 2),24.997658999999999,121.578751999999994,新光路二段28號前(鄰近台北市立動物園(木柵動物園)),"No.28, Sec. 2, Xinguang Rd.","72",BR01,80.715919711486364,"MultiLineString ((121.578752 24.997659, 121.579417 24.997948))"
TPE0144,"144",TPE,國立政治大學,Nat’l Chengchi U.,24.988363000000000,121.576536000000004,萬壽路16巷6號前(鄰近國立政治大學),"No.6, Ln. 16, Wanshou Rd.","58",BR01,1114.153990866737104,"MultiLineString ((121.576536 24.988363, 121.579417 24.997948))"
TPE0145,"145",TPE,樹德公園,Shude Park,25.066687999999999,121.516148999999999,大龍街/大龍街85巷(東北側),"Dalong St. / Ln. 85, Dalong St.","40",O12,445.768639605082740,"MultiLineString ((121.516149 25.066688, 121.51344 25.063739))"
TPE0146,"146",TPE,捷運士林站(2號出口),MRT Shilin Sta.(Exit 2),25.092545999999999,121.526555999999999,中正路247巷/中山北路五段505巷(東南側),"Ln. 247, Zhongzheng Rd. / Ln. 505, Sec. 5, Zhongshan N. Rd.","46",R16,41.823252692686225,"MultiLineString ((121.526556 25.092546, 121.526433 25.092901))"
TPE0147,"147",TPE,士林運動中心,Shilin Sports Center,25.089175000000001,121.521814000000006,承德路四段/大南路(東北側),"Sec. 4, Chengde Rd./Danan Rd.","32",R15,594.047218950491356,"MultiLineString ((121.521814 25.089175, 121.525175 25.08503))"
TPE0148,"148",TPE,捷運明德站,MRT Mingde Sta.,25.110330999999999,121.518315999999999,致遠一路一段46巷/西安街一段(東南側),"Ln. 46, Sec. 1, Zhiyuan 1st Rd./Sec. 1, Xi’an St.","68",R18,148.002936633116718,"MultiLineString ((121.518316 25.110331, 121.519153 25.109298))"
TPE0149,"149",TPE,北投運動中心,Beitou Sports Center,25.116665000000001,121.509620999999996,石牌路一段39巷100號前,"No.100, Ln. 39, Sec. 1, Shipai Rd.","62",R20,533.892966426285398,"MultiLineString ((121.509621 25.116665, 121.506987 25.120673))"
TPE0150,"150",TPE,松德公園,Songde Park,25.036567999999999,121.573430000000002,松德路168巷20號前,"No.20, Ln. 168, Songde Rd.","38",BL19,509.165968715758424,"MultiLineString ((121.57343 25.036568, 121.575383 25.040704))"
TPE0151,"151",TPE,考試院,Examination Yuan,24.987507000000001,121.549826999999993,試院路(雙號)/木柵路一段(東北側)(鄰近文山親子館),"Shiyuan Rd. / Sec. 1, Muzha Rd.,","34",Y07,900.256269747774240,"MultiLineString ((121.549827 24.987507, 121.543209 24.982859))"
TPE0152,"152",TPE,百齡國小,Bailing Elementary School,25.085210000000000,121.519175000000004,前港街100巷/前港街(北方),"Ln. 100, Qiangang St. / Qiangang St.","40",R15,652.181185886017715,"MultiLineString ((121.519175 25.08521, 121.52496 25.084284))"
TPE0153,"153",TPE,蔣渭水紀念公園,Jiang Wei-shui Memorial Park,25.059885000000001,121.516299000000004,錦西街51號對面,"No.51, Jinxi St., Datong Dist.","36",R13,399.235601613967219,"MultiLineString ((121.516299 25.059885, 121.51853 25.062693))"
TPE0154,"154",TPE,中正基河路口,Zhongzheng & Jihe Intersection,25.093395999999998,121.519867000000005,中正路420號前(鄰近台北市立天文科學教育館),"No.420, Zhongzheng Rd.","38",R16,683.522531958415470,"MultiLineString ((121.519867 25.093396, 121.525966 25.094106))"
TPE0155,"155",TPE,瑞光港墘路口,Ruiguang & Gangqian Intersection,25.076193000000000,121.575050000000005,瑞光路/港墘路(西南側),Ruiguang Rd. / Gangqian Rd.,"30",BR17,432.746556209985556,"MultiLineString ((121.57505 25.076193, 121.574704 25.080065))"
TPE0156,"156",TPE,東湖國小,Donghu Elementary School,25.068529999999999,121.615380000000002,東湖路/東湖路119巷(西北側),"Donghu Rd. / Ln. 119, Donghu Rd.","38",BR22,438.941447624163231,"MultiLineString ((121.61538 25.06853, 121.611724 25.067053))"
TPE0157,"157",TPE,麗山國小,Lishan Elementary School,25.082702999999999,121.571466999999998,內湖路一段411巷/內湖路一段411巷19弄(東北側),"Ln. 411, Sec. 1, Neihu Rd. / Aly. 19, Ln. 411, Sec. 1, Neihu Rd.","42",BR17,464.846694842801469,"MultiLineString ((121.571467 25.082703, 121.574704 25.080065))"
TPE0158,"158",TPE,捷運東湖站,MRT Donghu Sta.,25.067025999999998,121.613550000000004,安康路315巷/五分街14巷(西側),"Ln. 315, Ankang Rd./Ln. 14, Wufen St.","48",BR22,203.291610198634402,"MultiLineString ((121.61355 25.067026, 121.611724 25.067053))"
TPE0159,"159",TPE,捷運西湖站(1號出口),MRT Xihu Sta. (Exit 1),25.082865999999999,121.566694999999996,環山路一段9巷/內湖路一段285巷(西南側),"Ln. 9, Sec. 1, Huanshan Rd./Ln. 285, Sec. 1, Neihu Rd.","36",BR16,58.908208812166343,"MultiLineString ((121.566695 25.082866, 121.566647 25.082339))"
TPE0161,"161",TPE,大豐公園,Dafong Park,25.131143000000002,121.503767999999994,磺港路/大興街(東北側),Huanggang Rd. / Daxing St.,"56",R22,629.075425188059739,"MultiLineString ((121.503768 25.131143, 121.49824 25.132316))"
TPE0162,"162",TPE,捷運中山國小站(4號出口),MRT Zhongshan Elementary School sta.(Exit 4),25.062923999999999,121.527720000000002,民權東路一段/新生北路三段(北側)(新生高架橋下),"Sec. 1, Minquan E. Rd./Sec. 3, Xinsheng N. Rd","70",O10,83.892365371493298,"MultiLineString ((121.52772 25.062924, 121.527114 25.062476))"
TPE0163,"163",TPE,捷運麟光站,MRT Linguang Sta.,25.018097000000001,121.559279000000004,和平東路三段/和平東路三段416巷(捷運高架橋下)(鄰近富陽自然生態公園),"Sec. 3, Heping E. Rd./Ln. 416,Sec. 3, Heping E. Rd.","72",BR06,90.558114975083981,"MultiLineString ((121.559279 25.018097, 121.558606 25.018554))"
TPE0164,"164",TPE,捷運奇岩站,MRT Qiyan Sta.,25.126286000000000,121.500800999999996,北投路一段/三合街二段(東北側),"Sec. 1, Beitou Rd./Sec. 2, Sanhe St.","56",R21,21.975381028735978,"MultiLineString ((121.500801 25.126286, 121.50096 25.126169))"
TPE0165,"165",TPE,捷運唭哩岸站(2號出口),MRT Qilian Sta. (Exit 2),25.120788000000001,121.505692999999994,西安街二段/立農街一段257巷(鄰近慈生宮),"Sec. 2, Xi'an St./Ln. 257,Sec. 2, Linong St.","62",R20,23.127947014401720,"MultiLineString ((121.505693 25.120788, 121.50589 25.120854))"
TPE0166,"166",TPE,臺北市立景美女中,Taipei JingMei Girls High School,24.980602000000001,121.556177000000005,木新路三段/一壽街(西北側),"Sec. 3, Muxin Rd./Yishou St.","34",Y07,1465.292131462303587,"MultiLineString ((121.556177 24.980602, 121.543209 24.982859))"
TPE0167,"167",TPE,臺北市立天文館,Taipei Astronomical Museum,25.095714000000001,121.518045999999998,基河路363號前(鄰近台北市立天文科學教育館/國立台灣科學教育館),"No.363, Jihe Rd.","50",R17,870.589050344738894,"MultiLineString ((121.518046 25.095714, 121.522636 25.102046))"
TPE0168,"168",TPE,河堤國小,Heti Elementary School,25.022880000000001,121.522855000000007,金門街12巷23弄1號旁,"No.1, Aly. 23, Lane 12, Jinmen St.","44",G09,297.097685747719709,"MultiLineString ((121.522855 25.02288, 121.523353 25.025502))"
TPE0169,"169",TPE,植物園,Taipei Botanical Garden,25.030014999999999,121.509812999999994,和平西路二段100號前(鄰近台北植物園/國立歷史博物館/131 Fun心玩親子館),"No.100, Sec. 2, Heping W. Rd.","44",G11,603.666425779486190,"MultiLineString ((121.509813 25.030015, 121.510988 25.035309))"
TPE0170,"170",TPE,新東公園,XinDong Park,25.059245000000001,121.568883000000000,民生東路五段/塔悠路(西南側),"Sec. 5, Minsheng E. Rd./Tayou Rd.","50",G18,970.739010319899990,"MultiLineString ((121.568883 25.059245, 121.56471 25.051588))"
TPE0171,"171",TPE,文山運動中心,Taipei Wen Shan Sports Center,24.996842000000001,121.559651000000002,興隆路三段/興隆路三段192巷8弄,"Sec. 3, Xinglong Rd./Aly. 8, Ln. 192, Sec. 3, Xinglong Rd.","38",BR04,354.130326256657042,"MultiLineString ((121.559651 24.996842, 121.557737 24.999383))"
TPE0172,"172",TPE,捷運南京三民站(1號出口),MRT Nanjing Sanmin Sta. (Exit 1),25.051562000000001,121.562890999999993,南京東路五段/三民路(西北側),"Sec. 5, Nanjing E. Rd./Sanmin Rd.","24",G18,43.618635847429395,"MultiLineString ((121.562891 25.051562, 121.563073 25.051215))"
TPE0173,"173",TPE,捷運松江南京站(7號出口),MRT Songjiang Nanjing Sta. (Exit 7),25.052181000000001,121.533210999999994,松江路/南京東路二段(東北側)(鄰近四平陽光商圈),"Sec. 2, Nanjing E. Rd./Sec. 2, Nanjing E. Rd.","56",O08,32.220599250659340,"MultiLineString ((121.533211 25.052181, 121.533195 25.05247))"
TPE0174,"174",TPE,捷運小巨蛋站(5號出口),MRT Taipei Arena Sta. (Exit 5),25.051701999999999,121.553056999999995,南京東路四段/健康路(東北側)(鄰近台北田徑場),"Sec. 4, Nanjing E. Rd./Jiankang Rd.","48",G17,25.749475980217618,"MultiLineString ((121.553057 25.051702, 121.552898 25.051534))"
TPE0175,"175",TPE,捷運南京復興站(5號出口),MRT Nanjing Fuxing Sta. (Exit 5),25.051618000000001,121.544847000000004,南京東路三段/南京東路三段256巷(東南側),"Sec. 3, Nanjing E. Rd./Ln. 256, Sec. 3, Nanjing E. Rd.","52",BR11,49.338777516357872,"MultiLineString ((121.544847 25.051618, 121.544908 25.052057))"
TPE0176,"176",TPE,興安華城,Xingan Huacheng Community,25.055997000000001,121.542317999999995,興安街/遼寧街,Xing’an St./Liaoning St.,"94",BR11,376.009376040645975,"MultiLineString ((121.542318 25.055997, 121.542121 25.052625))"
TPE0177,"177",TPE,葫蘆國小,Hulu Elementary School,25.082538000000000,121.507495000000006,環河北路三段/葫蘆街(東北側),"Sec. 3, Huanhe N. Rd./Hulu St.","40",O50,1800.253095260916780,"MultiLineString ((121.507495 25.082538, 121.496656 25.070536))"
TPE0178,"178",TPE,延平國宅,Yanping Public Housing,25.078907999999998,121.510306000000000,延平北路五段一巷40號前,"No.40, Ln. 1, Sec. 5, Yanping N. Rd.","32",R14,1349.422875175278250,"MultiLineString ((121.510306 25.078908, 121.520108 25.071776))"
TPE0179,"179",TPE,南港公園,Nangang Park,25.041354999999999,121.590729999999994,福德街383號對面(南港公園出口前),"No.383, Fude St.","52",BL20,935.205225294519437,"MultiLineString ((121.59073 25.041355, 121.583277 25.045232))"
TPE0180,"180",TPE,福華商場,Fuhua Market,25.068770000000001,121.592653999999996,民權東路六段/民權東路六段180巷(石潭平面停車場內)(鄰近防災科學教育館),"Sec. 6, Minquan E. Rd./Ln. 180, Sec. 6, Minquan E. Rd.","40",BR18,1350.714192145741663,"MultiLineString ((121.592654 25.06877, 121.58564 25.078671))"
TPE0181,"181",TPE,建國和平路口,JianGuo & Heping Intersection,25.025849999999998,121.537383000000005,建國南路二段/和平東路二段(西北側),"Sec. 2, Jianguo S. Rd./Sec. 2, Heping E. Rd.","52",BR08,696.902911727889432,"MultiLineString ((121.537383 25.02585, 121.543636 25.026154))"
TPE0182,"182",TPE,捷運古亭站(2號出口),MRT Guting Sta. (Exit 2),25.025300000000001,121.523537000000005,羅斯福路二段/羅斯福路二段174巷(捷運古亭站2號出口前),"Sec. 2, Roosevelt Rd./Ln. 174, Sec. 2, Roosevelt Rd.","50",G09,30.416917783125548,"MultiLineString ((121.523537 25.0253, 121.523353 25.025502))"
TPE0183,"183",TPE,圓環站,Yuanhuan,25.053789999999999,121.514178999999999,南京西路/重慶北路一段(西南側)(鄰近寧夏夜市),"Nanjing W. Rd./Sec. 1, Chongqing N. Rd.","32",R11,547.907171893371810,"MultiLineString ((121.514179 25.05379, 121.519007 25.052833))"
TPE0184,"184",TPE,劍潭社區,Jiantan Community,25.084758999999998,121.537891999999999,通北街143號前,"No.143, Tongbei St.","42",BR14,1148.263785128846621,"MultiLineString ((121.537892 25.084759, 121.547104 25.080118))"
TPE0185,"185",TPE,瑠公公園,LiuGong Park,25.042342000000001,121.546049999999994,大安路一段/大安路一段75巷(西側)(鄰近東區地下街),"Ln. 75, Sec. 1/Ln. 75, Sec. 1, Da’an Rd.","30",BR10,127.167597620050586,"MultiLineString ((121.54605 25.042342, 121.54506 25.041772))"
TPE0186,"186",TPE,臺北市立大學,University of Taipei,25.035413999999999,121.514218000000000,愛國西路/公園路(西北側)(鄰近台北市立教育大學),Aiguo W. Rd./Gongyuan Rd.,"82",R08,218.027854995385894,"MultiLineString ((121.514218 25.035414, 121.515983 25.034565))"
TPE0187,"187",TPE,仁愛延吉街口,Renai & Yanji Intersection,25.037465000000001,121.555768999999998,仁愛路四段/延吉街(東南側)(鄰近大安親子館),"Sec. 4, Ren’ai Rd./Yanji St.","34",BL17,410.168458025555026,"MultiLineString ((121.555769 25.037465, 121.556704 25.041029))"
TPE0188,"188",TPE,社子國小,Taipei Municipal Shezi Elementary School,25.090292999999999,121.501890000000003,延平北路六段/社中街(社子國小對面跨提便道橋下),"Sec. 6, Yanping N. Rd./Shezhong St.","56",O51,2246.617775620224620,"MultiLineString ((121.50189 25.090293, 121.486752 25.076946))"
TPE0189,"189",TPE,金瑞公園(金龍路),JinRui Park,25.087986999999998,121.587810000000005,金龍路213巷1弄7號前,"No.7, Aly. 1, Ln. 213, Jinlong Rd.","38",BR19,859.934960551541735,"MultiLineString ((121.58781 25.087987, 121.594266 25.083745))"
TPE0190,"190",TPE,捷運大直站(3號出口),MRT Dazhi Sta. (Exit 3),25.079277999999999,121.546683000000002,北安路458巷41弄/北安路536巷(捷運大直站3號出口前人行道),"Aly. 41, Ln. 458, Bei’an Rd./Ln. 536, Bei’an Rd.","40",BR14,24.527703222944478,"MultiLineString ((121.546683 25.079278, 121.546901 25.07931))"
TPE0191,"191",TPE,捷運大湖公園站(2號出口),MRT Dahu Park Sta. (Exit 2),25.083873000000001,121.602059999999994,成功路五段/大湖山莊街(大湖公園地下停車場旁)(鄰近大湖公園),"Sec. 5, Chenggong Rd./Dahu Shanzhuang St.","58",BR20,27.652084176783493,"MultiLineString ((121.60206 25.083873, 121.60221 25.083675))"
TPE0192,"192",TPE,捷運葫洲站(1號出口),MRT Huzhou Sta. (Exit 1),25.072485000000000,121.607955000000004,康寧路三段/成功路五段450巷21弄(西北側)(捷運葫洲站1號出口前自行車停放區),"Sec. 3, Kangning Rd./Aly. 21, Ln. 450, Sec. 5, Chenggong Rd.","44",BR21,19.873880881215413,"MultiLineString ((121.607955 25.072485, 121.608047 25.072638))"
TPE0193,"193",TPE,舊莊區民活動中心,Jiuzhuang Recreation Center,25.041277000000001,121.619349999999997,舊莊街一段91巷/舊莊街一段91巷12弄(舊莊區民活動中心前)(鄰近胡適公園),"Ln. 91, Sec. 1, Jiuzhuang St./Aly. 12, Ln. 91, Sec. 1, Jiuzhuang St.","36",BR24,1426.503431257335933,"MultiLineString ((121.61935 25.041277, 121.618148 25.054035))"
TPE0194,"194",TPE,市民林森路口,Civic Blvd Linsen Intersection,25.047958000000001,121.524388000000002,市民大道二段/林森北路(東北側)(鄰近台北國際藝術村/台北希望廣場),"Sec. 2, Civic Blvd./Linsen N. Rd.","50",BL13,353.550457408119883,"MultiLineString ((121.524388 25.047958, 121.523009 25.045097))"
TPE0195,"195",TPE,信義杭州路口(中華電信總公司),Xinyi Hangzhou Intersection(Chunghwa Telecom),25.035851000000001,121.523987000000005,信義路一段/杭州南路一段(西北側)(鄰近國立中正紀念堂),"Sec. 1, Xinyi Rd./Sec. 1, Hangzhou S. Rd.","50",O06,437.731183393902711,"MultiLineString ((121.523987 25.035851, 121.527565 25.03422))"
TPE0196,"196",TPE,新湖國小,Xinhu Elementary School,25.068743999999999,121.589232999999993,民權東路六段/成功路二段320巷31弄(東南側)(鄰近防災科學教育館),"Sec. 6, Minquan E. Rd./Aly. 31, Ln. 320, Sec. 2, Chenggong Rd.","20",BR18,1175.224796780024235,"MultiLineString ((121.589233 25.068744, 121.58564 25.078671))"
TPE0197,"197",TPE,饒河夜市(八德路側),Raohe Night Market,25.049845000000001,121.571884999999995,八德路/松信路(西南側),The S.W. side of St.Wuchang & Road Longjiang.,"34",G19,486.596798422126540,"MultiLineString ((121.571885 25.049845, 121.576244 25.050171))"
TPE0201,"201",TPE,東陽公園,Dongyang Park,25.057164000000000,121.597924000000006,重陽路125巷26號至36-2號對面人行道,"No.26 to No. 36-2, Ln. 125, Chongyang Rd. (opposite)","44",BL21,865.648368775528638,"MultiLineString ((121.597924 25.057164, 121.593799 25.050572))"
TPE0202,"202",TPE,捷運關渡站,MRT Guandu Sta.,25.124645999999998,121.467336000000003,大度路三段270巷/立功街55巷(西南側人行道),"Ln. 270, Sec. 3, Dadu Rd./Ln. 55, Ligong St.","60",R25,88.417813738915697,"MultiLineString ((121.467336 25.124646, 121.467215 25.125431))"
TPE0203,"203",TPE,古亭國中,Guting Junior High School,25.024487000000001,121.510570000000001,中華路二段465號對面人行道(古亭國中),"No.465, Sec. 2, Zhonghua Rd. (opposite)","40",G11,1199.512561977362793,"MultiLineString ((121.51057 25.024487, 121.511455 25.035226))"
TPE0204,"204",TPE,臺北市立大學(天母校區),University of Taipei Tianmu Campus,25.113624999999999,121.537419999999997,士東路276號至280號對面人行道,"No.276 to No. 280, Shidong Rd., (opposite)","42",R17,2001.820790546543776,"MultiLineString ((121.53742 25.113625, 121.522356 25.103804))"
TPE0205,"205",TPE,木柵光輝路口,Mucha Guanghui Intersection,24.988240999999999,121.555610000000001,木柵路一段290號西側人行道(木柵光輝路口),"No.290, Sec. 1, Muzha Rd.","24",BR04,1262.719771825259159,"MultiLineString ((121.55561 24.988241, 121.557737 24.999383))"
TPE0206,"206",TPE,捷運辛亥站,MRT Xinhai Sta.,25.005386000000001,121.557159999999996,辛亥路四段114號旁人行道(捷運辛亥站),"No.114, Sec. 4, Xinhai Rd.","32",BR05,33.508830931907724,"MultiLineString ((121.55716 25.005386, 121.557021 25.005119))"
TPE0207,"207",TPE,福安國中,Fu-an Junior Hight School,25.103242000000002,121.487476999999998,延平北路七段250號前人行道(福安國中),"No.250, Sec. 7, Yanping N. Rd.","30",O53,2472.370667498063995,"MultiLineString ((121.487477 25.103242, 121.473739 25.085791))"
TPE0208,"208",TPE,龍山國小,Longshan Elementary School,25.035554999999999,121.495341999999994,和平西路三段280號對面人行道(龍山國小)(鄰近艋舺夜市(萬華夜市)),"No.280, Sec. 3, Heping W. Rd. (opposite)","46",BL10,466.273018993937740,"MultiLineString ((121.495342 25.035555, 121.49953 25.035484))"
TPE0209,"209",TPE,捷運復興崗站,MRT Fuxinggang Sta.,25.137837000000001,121.486070999999995,中央北路三段17-1號對面人行道 (中央北路三段53巷側),"No.17-1, Sec. 3, Zhongyang N. Rd. (opposite)","42",R23,80.025320359307173,"MultiLineString ((121.486071 25.137837, 121.485373 25.137665))"
TPE0210,"210",TPE,樂群二敬業四路口,Lequn 2nd & Jingye 4th Intersection,25.079765999999999,121.558134999999993,樂群二路180號前廣場,"No.180, Lequn 2nd Rd.","60",BR15,572.066227562927679,"MultiLineString ((121.558135 25.079766, 121.556098 25.084484))"
TPE0211,"211",TPE,星雲金湖街口,Xingyun & Jinhu Intersection,25.080915000000001,121.597339000000005,星雲街210巷11號旁平面停車場,"No.11, Ln. 210, Xingyun St.","40",BR19,428.838309696434294,"MultiLineString ((121.597339 25.080915, 121.594612 25.083636))"
TPE0212,"212",TPE,北安大直街口,Bei'an & Dazhi Intersection,25.084223000000001,121.549452000000002,北安路676號前人行道,"No.676, Bei’an Rd.","50",BR14,526.437969574198405,"MultiLineString ((121.549452 25.084223, 121.547104 25.080118))"
TPE0213,"213",TPE,蘭雅國小,Lanya Elementary School,25.107782000000000,121.523106999999996,磺溪街80號~82號對面人行道(蘭雅國小東側),"No.80 to No.82, Huangxi St. (opposite)","30",R17,450.651286346077427,"MultiLineString ((121.523107 25.107782, 121.522356 25.103804))"
TPE0214,"214",TPE,基河一期國宅,Jihe First Phase Republic Housing,25.055935000000002,121.578644999999995,南京東路六段131號至137號對面綠地,"No.131 to No.137, Sec. 6, Nanjing E. Rd. (opposite)","54",G19,601.414910085029987,"MultiLineString ((121.578645 25.055935, 121.57813 25.050557))"
TPE0215,"215",TPE,捷運北門站(3號出口),MRT Beimen Sta. (Exit.3),25.049930000000000,121.510367000000002,鄭州路/塔城街(西南側)(捷運北門站3號出口)(鄰近海關博物館/北門-承恩門),Zhengzhou Rd./Tacheng St.(southwest),"62",G13,15.651773762402334,"MultiLineString ((121.510367 25.04993, 121.510227 25.049943))"
TPE0216,"216",TPE,培英公園,Peiying Park,25.082553000000001,121.544601000000000,崇實路/大直街62巷(東南側),Chongshi Rd./Dazhi St. (southeast),"50",BR14,388.730371508040037,"MultiLineString ((121.544601 25.082553, 121.547104 25.080118))"
TPE0217,"217",TPE,臺北花市,Taipei Flowers Auction,25.062645000000000,121.574267000000006,新湖三路28號前人行道(鄰近台北花市),"No.28, Xinhu 3rd Rd.","40",G19,1405.931256850035425,"MultiLineString ((121.574267 25.062645, 121.576244 25.050171))"
TPE0218,"218",TPE,松山高中,SONG-SHAN Senior High School,25.043299000000001,121.564108000000004,基隆路一段172巷15號對面人行道(松山高中),"No.15, Ln. 172, Sec. 1, Keelung Rd. (opposite)","42",BL18,258.709035288647215,"MultiLineString ((121.564108 25.043299, 121.565459 25.041408))"
TPE0219,"219",TPE,大理高中,Dali High School,25.031147000000001,121.490740000000002,環河南路二段300號對面人行道(大理高中),"No.300, Sec. 2, Huanhe S. Rd. (opposite)","38",BL10,1091.122218319293324,"MultiLineString ((121.49074 25.031147, 121.49953 25.035484))"
TPE0220,"220",TPE,大稻埕公園,Dadaocheng Park,25.059162000000001,121.510512000000006,安西街1巷15號對面人行道(大稻埕公園),"No.15, Ln. 1, Anxi St. (opposite)","36",O12,490.432454151361298,"MultiLineString ((121.510512 25.059162, 121.512319 25.06318))"
TPE0221,"221",TPE,泰和公園,Taihe Park,25.019276000000001,121.571070000000006,吳興街583巷67弄(泰和公園),"No.5, Aly. 67, Ln. 600, Wuxing St. (opposite)","40",BR06,1389.812050752707819,"MultiLineString ((121.57107 25.019276, 121.558606 25.018554))"
TPE0222,"222",TPE,撫順公園,Fushun Park,25.064108000000001,121.522064999999998,中山北路2段180號對面(鄰近大同大學/雙城街夜市),"No.180, Sec. 2, Zhongshan N. Rd. (opposite)","30",R13,190.014316743154239,"MultiLineString ((121.522065 25.064108, 121.520744 25.063027))"
TPE0223,"223",TPE,清江國小,Qingjiang Elementary School,25.127400000000002,121.507266999999999,三合街一段/公館路西南側人行道(清江國小),"Sec. 1, Sanhe St./Gongguan Rd.","40",R21,715.340208496565197,"MultiLineString ((121.507267 25.1274, 121.50096 25.126169))"
TPE0224,"224",TPE,社正公園,Shezheng Park,25.088242999999999,121.510535000000004,社中街43號對面停車場(社正公園),"No.43, Shezhong St. (opposite)","40",R15,1665.163612273956005,"MultiLineString ((121.510535 25.088243, 121.52496 25.084284))"
TPE0225,"225",TPE,臥龍樂業街口,Wolong & Leye Intersection,25.018599999999999,121.554839000000001,臥龍街267號對面人行道(臥龍樂業街口),"No.267, Wolong St. (opposite)","40",BR06,419.371785855811083,"MultiLineString ((121.554839 25.0186, 121.558606 25.018554))"
TPE0226,"226",TPE,向陽南港路口,Xiangyang & Nangang Intersection,25.054365000000001,121.594228000000001,向陽路49號旁人行道(向陽南港路口),"No.49, Xiangyang Rd.","32",BL21,424.481522841347783,"MultiLineString ((121.594228 25.054365, 121.59363 25.050599))"
TPE0227,"227",TPE,麗山高中,LiShan High School,25.084244000000002,121.576679999999996,環山路二段131號對面人行道(麗山高中),"No.131, Sec. 2, Huanshan Rd. (opposite)","40",BR17,472.273697344996719,"MultiLineString ((121.57668 25.084244, 121.57556 25.080152))"
TPE0228,"228",TPE,捷運萬芳社區站,MRT Wanfang Community Sta.,24.998811000000000,121.567890000000006,萬芳路60號西側廣場,"No.60, Wanfang Rd. (west side)","32",BR03,63.239073307025180,"MultiLineString ((121.56789 24.998811, 121.568409 24.99858))"
TPE0229,"229",TPE,市民太原路口,Civic & Taiyuan Intersection,25.049393999999999,121.514611000000002,鄭州路23號東側人行道(市民太原路口)(鄰近台北地下街/台北車站),"No.23, Zhengzhou Rd. (east side)","34",R10,345.584649274459593,"MultiLineString ((121.514611 25.049394, 121.516246 25.046755))"
TPE0230,"230",TPE,湖光國宅,Huguang Republic Housing,25.075365999999999,121.580810999999997,文德路22巷67號對面綠地,"No.67, Ln. 22, Wende Rd. (opposite)","36",BR18,529.698856850992570,"MultiLineString ((121.580811 25.075366, 121.58447 25.078408))"
TPE0231,"231",TPE,內政部營建署,Construction & Planning Agency,25.047805000000000,121.545022000000003,八德路二段342號東側人行道(鄰近微風廣場/黑松世界),"No.342, Sec. 2, Bade Rd. (east side)","40",BR11,443.184968846321738,"MultiLineString ((121.545022 25.047805, 121.544338 25.051727))"
TPE0232,"232",TPE,中山天母路口,Zhongshan & Tianmu Intersection,25.118842999999998,121.529737999999995,天母西路3-55號前人行道,"No.3-55, Tianmu W. Rd.","44",R18,1586.641548528415342,"MultiLineString ((121.529738 25.118843, 121.519153 25.109298))"
TPE0233,"233",TPE,捷運忠義站,MRT Zhongyi Sta.,25.131411000000000,121.474154999999996,中央北路四段262號對面人行道,"No.262, Sec. 4, Zhongyang N. Rd. (opposite)","50",R24,79.032134682384410,"MultiLineString ((121.474155 25.131411, 121.473657 25.130905))"
TPE0234,"234",TPE,永欣綠地,Yongxin Green Area,25.124161999999998,121.526071000000002,行義路1號對面停車場,"No.1, Xingyi Rd. (opposite)","38",R19,1584.589158133162073,"MultiLineString ((121.526071 25.124162, 121.515171 25.115007))"
TPE0235,"235",TPE,市民東興路口,Civic Blvd & Dongxing Intersection,25.048459999999999,121.565928000000000,市民大道五段193號前方人行道(鄰近台北機廠),"No.193, Sec. 5, Civic Blvd.","30",G18,352.063847999447546,"MultiLineString ((121.565928 25.04846, 121.564595 25.051328))"
TPE0236,"236",TPE,關渡自然公園,Guandu Nature Park,25.119292000000002,121.469138000000001,關渡路68號對面人行道,"No.68, Guandu Rd. (opposite)","36",R25,716.133520674227043,"MultiLineString ((121.469138 25.119292, 121.467215 25.125431))"
TPE0237,"237",TPE,文山第二行政中心,Wenshan 2nd District Office,25.001149000000002,121.551417999999998,興隆路二段130巷30號對面人行道,"No.30, Ln. 130, Sec. 2, Xinglong Rd. (opposite)","38",BR04,730.382415165916996,"MultiLineString ((121.551418 25.001149, 121.557737 24.999383))"
TPE0238,"238",TPE,瑞湖陽光街口,Ruihu & Yangguang Intersection,25.073118999999998,121.575964999999997,瑞湖街101號對面人行道,"No.101, Ruihu St. (opposite)","32",BR17,784.207011819333502,"MultiLineString ((121.575965 25.073119, 121.57556 25.080152))"
TPE0239,"239",TPE,新明路321巷口,"Ln. 321, Xinming Rd.",25.056687000000000,121.584097999999997,新明路323號前人行道,"No.323, Xinming Rd.","48",G19,952.376622487913664,"MultiLineString ((121.584098 25.056687, 121.57813 25.050557))"
TPE0240,"240",TPE,南京建國路口,Nanjing Jianguo Intersection,25.052140999999999,121.536801999999994,南京東路二段/建國北路二段(北側)(鄰近袖珍博物館),"Sec. 2, Nanjing E. Rd./Sec. 2, Jianguo N. Rd.","58",O08,304.269423879556712,"MultiLineString ((121.536802 25.052141, 121.534081 25.051882))"
TPE0241,"241",TPE,林口公園,Linkou Park,25.038943000000000,121.579145999999994,林口街72號對面公園(林口公園),"No.72, Linkou St. (opposite)","38",BL19,346.679707797403921,"MultiLineString ((121.579146 25.038943, 121.576574 25.040699))"
TPE0242,"242",TPE,關渡宮,Kuantu Temple,25.117471999999999,121.463160999999999,大度路三段301巷223-5號西北側停車場(鄰近關渡宮),"No.223-5, Sec. 3, Dadu Rd.","40",R25,980.989418911489224,"MultiLineString ((121.463161 25.117472, 121.466861 25.12547))"
TPE0243,"243",TPE,社子公園,Shezi Park,25.090202000000001,121.506219000000002,永平街20巷37弄/永平街20巷11弄(社子公園南側),"Aly. 37, Ln. 20, Yongping St./Aly. 11, Ln. 20, Yongping St.","30",R15,2187.306247399509630,"MultiLineString ((121.506219 25.090202, 121.525175 25.08503))"
TPE0244,"244",TPE,復興市民路口,Fuxing & Civic Intersection,25.045908000000001,121.543735999999996,復興南路一段36-9號前人行道(復興市民路口)(鄰近微風廣場/黑松世界),"No.36-9, Sec. 1, Fuxing S. Rd.","46",BR10,433.696864503777704,"MultiLineString ((121.543736 25.045908, 121.543985 25.04202))"
TPE0245,"245",TPE,捷運中山國中站,MRT Zhongshan Junior High School Sta.,25.060631999999998,121.544027999999997,復興北路370號前方人行道(捷運中山國中站),"No.370, Fuxing N. Rd.","44",BR12,28.611058241590875,"MultiLineString ((121.544028 25.060632, 121.544031 25.060889))"
TPE0246,"246",TPE,國立故宮博物院,National Palace Museum,25.098742999999999,121.548085999999998,至善路二段155號對面停車場(鄰近至德園),"No.155, Sec. 2, Zhishan Rd.(oppsite)","40",BR15,1706.848945425779220,"MultiLineString ((121.548086 25.098743, 121.555226 25.085174))"
TPE0247,"247",TPE,木柵公園,Mucha Park,24.987144000000001,121.560626999999997,興隆路四段50號前人行道(木柵公園),"No.50, Sec. 4, Xinglong Rd.","34",BR04,1399.907200375270804,"MultiLineString ((121.560627 24.987144, 121.557737 24.999383))"
TPE0248,"248",TPE,喬治工商,George Vocational High School of Taipei,25.027123000000000,121.555565999999999,基隆路二段166號前(喬治工商),"No.166, Sec. 2, Keelung Rd.","32",BR07,481.418921825830807,"MultiLineString ((121.555566 25.027123, 121.552737 25.023852))"
TPE0249,"249",TPE,中華桂林路口,Zhonghua & Guilin Intersection,25.037706000000000,121.506624000000002,中華路一段206號前方廣場(鄰近國軍歷史文物館),"No.206, Sec. 1, Zhonghua Rd.","32",G11,375.896894470337202,"MultiLineString ((121.506624 25.037706, 121.509752 25.036434))"
TPE0250,"250",TPE,忠孝東路三段217巷口,"Ln. 217, Sec. 3, Zhongxiao E. Rd",25.041840000000001,121.539873000000000,忠孝東路三段221號前方人行道,"No.221, Sec. 3, Zhongxiao E. Rd.","38",BR10,364.046205970720223,"MultiLineString ((121.539873 25.04184, 121.543143 25.041797))"
TPE0251,"251",TPE,華齡公園,Hualing Park,25.083023000000001,121.520691999999997,劍潭路80對面公園(華齡公園),"No.80, Jiantan Rd.(oppsite)","36",R15,460.726533948963265,"MultiLineString ((121.520692 25.083023, 121.524807 25.083466))"
TPE0252,"252",TPE,大安運動中心,Daan Sports Center,25.020544000000001,121.545608000000001,辛亥路三段55號前方人行道(大安運動中心)(鄰近國立臺北教育大學),"No.55, Sec. 3, Xinhai Rd.","34",BR08,661.961555583542122,"MultiLineString ((121.545608 25.020544, 121.543636 25.026154))"
TPE0253,"253",TPE,芝山抽水站,Zhishan Pumping Sta.,25.101423000000000,121.527990000000003,至誠路二段80號對面人行道(芝山抽水站)(鄰近雙溪生活水岸自行車道),"No.80, Sec. 2, Zhicheng Rd.(oppsite)","34",R17,600.025944334812948,"MultiLineString ((121.52799 25.101423, 121.522636 25.102046))"
TPE0254,"254",TPE,立功立德路口,Ligong Lide Intersection,25.125377000000000,121.471481999999995,立功街/立德路(西南側人行道),Ligong St./Lide Rd.,"58",R25,475.038302677517947,"MultiLineString ((121.471482 25.125377, 121.467215 25.125431))"
TPE0255,"255",TPE,光復南路22巷口,"Ln. 22, Guangfu S. Rd.",25.046914000000001,121.557674000000006,光復南路23號對面人行道,"No.23, Guangfu S. Rd.(oppsite)","30",BL17,576.156573588979541,"MultiLineString ((121.557674 25.046914, 121.556663 25.041838))"
TPE0256,"256",TPE,中山中正路口,Zhongshan & Zhongzheng  Intersection,25.096506999999999,121.527525999999995,中山北路五段609-625號前人行道(中山中正路口)(鄰近福林公園),"No.609 to No.625, Sec. 5, Zhongshan N. Rd.","40",R16,318.739428366367747,"MultiLineString ((121.527526 25.096507, 121.525966 25.094106))"
TPE0257,"257",TPE,錦德公園,Jinde Park,25.023316000000001,121.492637000000002,德昌街243號對面公園(錦德公園),"No.243, Dechang St.(oppsite)","34",BL10,1535.865175048811807,"MultiLineString ((121.492637 25.023316, 121.499798 25.035109))"
TPE0258,"258",TPE,聯合醫院中興院區,Taipei City Hospital (Zhongxing Branch),25.052095999999999,121.507979000000006,長安西路299-2號對面人行道(鄰近海關博物館),"No.299-2, Chang’an W. Rd.(oppsite)","40",G13,346.504388384070069,"MultiLineString ((121.507979 25.052096, 121.510227 25.049943))"
TPE0259,"259",TPE,南京遼寧街口,Nanjing & Liaoning Intersection,25.051760999999999,121.542168000000004,南京東路三段189號對面(南京遼寧街口東南側)(鄰近遼寧夜市),"No.189, Sec. 3, Nanjing E. Rd.(oppsite)","36",BR11,33.983271670713982,"MultiLineString ((121.542168 25.051761, 121.541863 25.051748))"
TPE0260,"260",TPE,民權瑞光路口,Minquan & Ruiguang Intersection,25.068615999999999,121.583990999999997,民權東路六段50號前人行道,"No.50, Sec. 6, Minquan E. Rd.","36",BR18,1091.343864488897452,"MultiLineString ((121.583991 25.068616, 121.58447 25.078408))"
TPE0261,"261",TPE,健康新城,Jiankang New Village,25.054095000000000,121.560928000000004,健康路177號前人行道(健康新城),"No.177, Jiankang Rd.","44",G18,399.750523402168824,"MultiLineString ((121.560928 25.054095, 121.563073 25.051215))"
TPE0262,"262",TPE,永安藝文館-表演36房,YONG AN ART CENTER - Performing Arts School 36,24.984144000000001,121.569063999999997,木新路二段156號前人行道(永安市場),"No.156, Sec. 2, Muxin Rd.","28",BR03,1608.661476440001252,"MultiLineString ((121.569064 24.984144, 121.568409 24.99858))"
TPE0263,"263",TPE,至善臨溪路口,Zhishan Linxi Intersection,25.097103000000001,121.542152999999999,至善路一段/臨溪路(東南側),"Sec. 1, Zhishan Rd./ Linxi Rd. intersection","38",R16,1811.381244939400176,"MultiLineString ((121.542153 25.097103, 121.526433 25.092901))"
TPE0264,"264",TPE,秀山區民活動中心,Xiushan Community Center,25.145935999999999,121.493009000000001,秀山路50號北側道路路側,"No.50, Xiushan Rd.","28",R23,1253.113065124939794,"MultiLineString ((121.493009 25.145936, 121.485373 25.137665))"
TPE0265,"265",TPE,中央北路四段30巷口,"Ln. 30, Sec. 4, Zhongyang N. Rd.",25.135394000000002,121.477999999999994,中央北路四段30巷8號對面路側(鄰近北投行天宮),"No.8, Ln. 30, Sec. 4, Zhongyang N. Rd.","30",R24,695.303802951362059,"MultiLineString ((121.478 25.135394, 121.473657 25.130905))"
TPE0266,"266",TPE,洲子一號公園,Zhouzhi Park No.1,25.080258000000001,121.564806000000004,基湖路32號南側公園,"No.32, Jihu Rd.","34",BR16,309.296793023532189,"MultiLineString ((121.564806 25.080258, 121.566647 25.082339))"
TPE0267,"267",TPE,八德中坡路口,Bade & Zhongpo Intersection,25.050619999999999,121.580194000000006,八德路四段869號前方人行道(鄰近饒河街夜市),"No.869, Sec. 4, Bade Rd.","38",G19,229.870435828624608,"MultiLineString ((121.580194 25.05062, 121.57813 25.050557))"
TPE0268,"268",TPE,南港高工,Nangang Vocational High School,25.056654999999999,121.607055000000003,興中路29號前方人行道,"No.29, Xingzhong Rd.","30",BL22,517.097008505708345,"MultiLineString ((121.607055 25.056655, 121.60743 25.052025))"
TPE0269,"269",TPE,三軍總醫院,Tri-Service General Hospital,25.070723000000001,121.590304000000003,成功路二段/成功路二段323巷東北角人行道(鄰近防災科學教育館),"Sec. 2, Chenggong Rd./Ln. 323, Sec. 2, Chenggong Rd.(Intersection)","30",BR18,1025.853652609741857,"MultiLineString ((121.590304 25.070723, 121.58564 25.078671))"
TPE0270,"270",TPE,雨農國小,Yu Nong Elementary School,25.105429000000001,121.529217000000003,忠義街6號對面人行道(雨農國小)(鄰近芝山岩/芝山巖惠濟宮/芝山文化生態綠園),"No.6, Zhongyi St.(oppsite)","34",R17,784.892771053182514,"MultiLineString ((121.529217 25.105429, 121.522356 25.103804))"
TPE0271,"271",TPE,伊通長安路口,Yitong & Chang'an Intersection,25.048334000000001,121.534693000000004,伊通街/長安東路二段(交叉口西南側路側)(鄰近袖珍博物館/樹火紀念紙博物館),"Yitong St./Sec. 2, Chang’an E. Rd. intersection(Southwest)","28",O08,367.376751497072689,"MultiLineString ((121.534693 25.048334, 121.53287 25.051085))"
TPE0272,"272",TPE,忠順區民活動中心,Zhongshun Public Places,24.984707000000000,121.563124999999999,忠順街二段22號前方人行道(忠順區民活動中心),"No.22, Sec. 2, Zhongshun St.","32",BR03,1652.563186531482643,"MultiLineString ((121.563125 24.984707, 121.568409 24.99858))"
TPE0273,"273",TPE,芝山國小,Zhishan Elementary School,25.110437000000001,121.535954000000004,德行東路/德行東路283巷東北角人行道(芝山國小),"Dexing E. Rd./Ln. 283, Dexing E. Rd.Intersection(northeast)","38",R17,1684.210159094977143,"MultiLineString ((121.535954 25.110437, 121.522356 25.103804))"
TPE0274,"274",TPE,扶輪親恩公園,Rotary Park,25.066997000000001,121.579832999999994,民權東路六段13之15號對面人行道(民權大橋)(鄰近華生水水體驗館),"No.13-15, Sec. 6, Minquan E. Rd.","34",BR18,1371.141152023103814,"MultiLineString ((121.579833 25.066997, 121.58447 25.078408))"
TPE0275,"275",TPE,西本願寺廣場,Nishi Honganji Square,25.040987999999999,121.507688000000002,中華路一段/長沙街二段路口西南側人行道(西本願寺)(鄰近國軍歷史文物館/中山堂/西門紅樓),"Sec. 1, Zhonghua Rd./Sec. 2, Changsha St. intersection(Southwest)","58",BL11,103.727905319755223,"MultiLineString ((121.507688 25.040988, 121.508435 25.041545))"
TPE0276,"276",TPE,三興公園,Sanxing Park,25.028679000000000,121.559320000000000,吳興街118巷35弄28號前方(三興公園),"No.28, Aly. 35, Ln. 118, Wuxing St.","38",R03,515.812431491959387,"MultiLineString ((121.55932 25.028679, 121.561564 25.032733))"
TPE0277,"277",TPE,中山堂,Zhongshan Hall,25.044091000000002,121.510249999999999,延平南路/武昌街一段東南角人行道(延平武昌街口)(鄰近中山堂/西門町),"Yanping S. Rd./Sec. 1, Wuchang St. intersection(southeast)","32",BL11,207.390840455635157,"MultiLineString ((121.51025 25.044091, 121.508789 25.042935))"
TPE0278,"278",TPE,明美公園,MingMei Park,25.062557000000002,121.586065000000005,石潭路/南京東路六段451巷口西南人行道綠帶(明美公園),"Shitan Rd./Ln. 451, Sec. 6, Nanjing E. Rd. intersection(southwest)","32",BL21,1548.268139794601666,"MultiLineString ((121.586065 25.062557, 121.592825 25.050402))"
TPE0279,"279",TPE,南港車站(興華路),Nangang Rail Sta.(Xinhua Rd.),25.053432000000001,121.606330999999997,市民大道八段/興華路口西北側人行道(鄰近南港高鐵站),"Sec. 8, Civic Blvd./Xinghua Rd. intersection","48",BL22,169.341681354380654,"MultiLineString ((121.606331 25.053432, 121.606357 25.051911))"
TPE0280,"280",TPE,士林新天地,Shilin New Village,25.089034000000002,121.517319999999998,大南路325號前方人行道,"No.325, Danan Rd.","28",R15,981.463244701723511,"MultiLineString ((121.51732 25.089034, 121.525175 25.08503))"
TPE0281,"281",TPE,松江公園,Songjiang Park,25.050245000000000,121.532724999999999,松江路/松江路84巷(西北側路側)(鄰近樹火紀念紙博物館),"Songjiang Rd./Ln. 84, Songjiang Rd. intersecton","32",O08,94.891296198775677,"MultiLineString ((121.532725 25.050245, 121.53287 25.051085))"
TPE0282,"282",TPE,富台公園,Futai Park,25.041934999999999,121.571999000000005,松信路209號前人行道,"No.209, Songxin Rd.","30",BL19,362.844185427036848,"MultiLineString ((121.571999 25.041935, 121.57512 25.040995))"
TPE0283,"283",TPE,中央北路四段540巷口,"Ln. 540, Sec. 4, Zhongyang N. Rd.",25.127959000000001,121.467699999999994,中央北路四段529號對面,"No.529, Sec. 4, Zhongyang N. Rd.","32",R25,286.547894573061512,"MultiLineString ((121.4677 25.127959, 121.467215 25.125431))"
TPE0284,"284",TPE,華聲公園,Huasheng Park,25.096166000000000,121.522096000000005,華聲街17號南側路側(全聯),"No.17, Huasheng St.","44",R16,488.037902195583740,"MultiLineString ((121.522096 25.096166, 121.525966 25.094106))"
TPE0285,"285",TPE,螢橋國小,Ying-Qiao Elementary school,25.025966000000000,121.513769999999994,泉州街32號對面人行道(螢橋國小),"No.32, Quanzhou St.(oppsite)","40",R08,874.001082647280896,"MultiLineString ((121.51377 25.025966, 121.518261 25.032406))"
TPE0286,"286",TPE,德明財經科技大學,Takming University of Science and Technology,25.086372000000001,121.565713000000002,環山路一段56號對面(德明財經科技大學),"No.56, Sec. 1, Huanshan Rd.","44",BR16,460.833718328140833,"MultiLineString ((121.565713 25.086372, 121.566647 25.082339))"
TPE0287,"287",TPE,第二果菜批發市場,Taipei Second Fruits and Vegetables Wholesale Market,25.066424000000001,121.537353999999993,民族東路410巷1號 對面 遷到 民族東路410巷2弄20號 東側,"The E. side of  No. 20, Aly. 2, Ln. 410, Minzu E. Rd.","40",O09,831.156748374770132,"MultiLineString ((121.537354 25.066424, 121.532991 25.060365))"
TPE0288,"288",TPE,濟南紹興路口,Jinan & Shaosing Intersection,25.041927999999999,121.524591000000001,濟南路一段/紹興南街口東南側(鄰近蝴蝶宮昆蟲博物館/國立台北商業技術學院),"Sec. 1, Jinan Rd / Shaoxing S. St. ( Southeast )","62",BL13,246.551060604624638,"MultiLineString ((121.524591 25.041928, 121.524217 25.044111))"
TPE0289,"289",TPE,牯嶺公園,Guling Park,25.023377000000000,121.518834999999996,廈門街113巷/牯嶺街口西側,Xiamen St. / Guling St. ( East ),"44",G09,532.620687924798517,"MultiLineString ((121.518835 25.023377, 121.521894 25.027056))"
TPE0290,"290",TPE,新生公園,Xinsheng Park,25.068387000000001,121.530187999999995,民族東路/吉林路口(西北側)(鄰近花博公園新生園區),Minzu E. Rd. / Jilin Rd. ( Northwest ),"26",O10,722.010639761910511,"MultiLineString ((121.530188 25.068387, 121.526835 25.062835))"
TPE0291,"291",TPE,捷運松山站(3號出口),MRT Songshan Sta.(Exit.3),25.049616000000000,121.577459000000005,松山路/市民大道六段(西北側捷運3號出口)(鄰近饒河街夜市/彩虹橋),"Songshan Rd. / Sec. 6, Civic Blvd. ( Northwest ) MRT Ex.3","50",G19,20.379069186954702,"MultiLineString ((121.577459 25.049616, 121.577464 25.049799))"
TPE0292,"292",TPE,合心廣場,Hesin Square,25.046361000000001,121.582847999999998,玉成街80號(對面),"No.80, Yucheng St.(oppsite)","40",BL20,90.908774366102790,"MultiLineString ((121.582848 25.046361, 121.582441 25.045653))"
TPE0293,"293",TPE,自來水園區,Taipei Water Park,25.013283999999999,121.530036999999993,中正區思源街16號對面人行道(鄰近自來水博物館/自來水園區),"No.16, Siyuan St.(oppsite)","40",G07,449.900059841972734,"MultiLineString ((121.530037 25.013284, 121.533623 25.015148))"
TPE0294,"294",TPE,朱崙商場,Zhulun Market,25.047616999999999,121.540430999999998,龍江路15號前方人行道(鄰近遼寧夜市),"No.15, Longjiang Rd.","36",BR11,486.706649492988788,"MultiLineString ((121.540431 25.047617, 121.541863 25.051748))"
TPE0295,"295",TPE,敦親公園,Dunqing Park,25.023472999999999,121.541083000000000,和平東路二段96巷8之1號(前方)(鄰近資訊科學展示中心),"No.8-1, Ln. 96, Sec. 2, Heping E. Rd.","26",BR08,412.116271602453651,"MultiLineString ((121.541083 25.023473, 121.543636 25.026154))"
TPE0296,"296",TPE,萬和二號公園,Wanhe Park No. 2,25.001545000000000,121.536445999999998,萬隆街255號(對面),"No.255, Wanlong St.(oppsite)","32",G06,268.070578118954245,"MultiLineString ((121.536446 25.001545, 121.538572 25.002676))"
TPE0297,"297",TPE,長沙公園,Changsha Park,25.041702000000001,121.499921999999998,環河南路一段280號之1(東側)(鄰近艋舺青山宮),"No.280-1, Sec. 1, Huanhe S. Rd.","26",BL10,693.558736213078419,"MultiLineString ((121.499922 25.041702, 121.49953 25.035484))"
TPE0298,"298",TPE,太原五原路口,Taiyuan & Wuyuan Intersection,25.056457999999999,121.516976000000000,太原路 / 五原路口(東南側)(鄰近寧夏夜市),Taiyuan Rd. / Wuyuan Rd. Intersection,"32",R12,418.452098103830394,"MultiLineString ((121.516976 25.056458, 121.520588 25.057499))"
TPE0299,"299",TPE,萬華國中,Wanhua Junior High School,25.029264000000001,121.499358000000001,西藏路 / 莒光路299巷口(東南側),"Xizang Rd. / Ln. 299, Juguang Rd. Intersection","32",BL10,652.503399544936883,"MultiLineString ((121.499358 25.029264, 121.499798 25.035109))"
TPE0300,"300",TPE,信義基隆路口,Xinyi & Keelung Intersection,25.033208999999999,121.558730999999995,信義路四段401號(前方)(鄰近台北國際會議中心),"No.401, Sec. 4, Xinyi Rd.","28",R03,319.788658106620971,"MultiLineString ((121.558731 25.033209, 121.561564 25.032733))"
TPE0301,"301",TPE,林森長春路口,Linsen & Changchun Intersection,25.055062000000000,121.525383000000005,林森北路/長春路口西北角人行道(林森長春路口)(鄰近林森公園/康樂公園),Linsen N. Rd. / Changchun Rd. Intersetion,"28",R11,544.121677252902828,"MultiLineString ((121.525383 25.055062, 121.521154 25.052611))"
TPE0302,"302",TPE,敦北公園,Dunbei Park,25.060746000000002,121.550711000000007,敦化北路 / 富錦街口(東北側),Dunhua N. Rd. / Fujin St. Intersection,"40",BR13,296.206690184300271,"MultiLineString ((121.550711 25.060746, 121.552241 25.062923))"
TPE0303,"303",TPE,安泰街83巷,"Ln. 83, Antai St.",25.076691000000000,121.617085000000003,安泰街83巷3號對面,"No.3, Ln. 83, Antai St. ( oppsite )","34",BR21,1102.637695447578835,"MultiLineString ((121.617085 25.076691, 121.608047 25.072638))"
TPE0304,"304",TPE,金華公園,Jinhua Park,25.029902000000000,121.531234999999995,金華街251號對面(金華公園)(鄰近永康街),"No.251, Jinhua St.","32",O06,450.805249093639134,"MultiLineString ((121.531235 25.029902, 121.529506 25.033564))"
TPE0305,"305",TPE,碧山公園,Bishan Park,25.087413000000002,121.592252999999999,內湖路三段60巷8弄1號(東南側),"No.1, Aly. 8, Ln. 60, Sec. 3, Neihu Rd.","46",BR19,465.767893134810436,"MultiLineString ((121.592253 25.087413, 121.594266 25.083745))"
TPE0306,"306",TPE,捷運古亭站(6號出口),MRT Guting Sta.(Exit.6),25.027781000000001,121.521979999999999,羅斯福路二段 / 羅斯福路二段15巷口(西側),"Sec. 2, Roosevelt Rd. / Ln. 15, Sec. 2, Roosevelt Rd.","52",G09,40.470414835748542,"MultiLineString ((121.52198 25.027781, 121.521937 25.02742))"
TPE0307,"307",TPE,仁愛安和路口,Renai & Anhe Intersection,25.037569999999999,121.552076000000000,仁愛路四段 / 仁愛路四段222巷(東南側),"Sec. 4, Ren’ai Rd. / Ln. 222, Sec. 4, Ren’ai Rd.","30",BL16,423.204437095952017,"MultiLineString ((121.552076 25.03757, 121.551586 25.04134))"
TPE0308,"308",TPE,西松高中,Xisong High School,25.055672000000001,121.567126999999999,健康路325巷 / 健康路325巷12弄口(東北側),"Ln. 325, Jiankang Rd. / Aly. 12, Ln. 325, Jiankang Rd.","30",G18,528.280421966964923,"MultiLineString ((121.567127 25.055672, 121.56471 25.051588))"
TPE0309,"309",TPE,三軍總醫院(松山分院),Tri-Service General (Songshan Branch),25.054469999999998,121.556098000000006,光復北路 / 光復北路190巷口(東南側),"Guangfu N. Rd. / Ln. 190, Guangfu N. Rd.","38",G17,483.440644908898037,"MultiLineString ((121.556098 25.05447, 121.552898 25.051534))"
TPE0310,"310",TPE,國立臺北大學(臺北校區),National Taipei University(Taipei Campus),25.057922999999999,121.542732000000001,民生東路三段 / 復興北路280巷10弄口(西北側),"Sec. 3, Minsheng E. Rd. / Aly. 10, Ln. 280, Fuxing N. Rd.","32",BR12,360.451015695344324,"MultiLineString ((121.542732 25.057923, 121.544031 25.060889))"
TPE0311,"311",TPE,捷運忠孝新生站(2號出口),MRT Zhongxiao Xinsheng Sta.(Exit.2),25.042392000000000,121.532229000000001,忠孝東路二段123號對面(捷運忠孝新生站2號出口)(鄰近光華數位新天地(光華商場)),"No.123, Sec. 2, Zhongxiao E. Rd.(oppsite)","30",BL14,36.990413209914948,"MultiLineString ((121.532229 25.042392, 121.532065 25.042103))"
TPE0312,"312",TPE,捷運信義安和站(1號出口),MRT Xinyi Anhe Sta.(Exit.1),25.033322999999999,121.552786999999995,信義路四段 / 安和路一段口(東北側),"Sec. 4, Xinyi Rd. / Sec. 1, Anhe Rd.","34",R04,21.453492728047930,"MultiLineString ((121.552787 25.033323, 121.552602 25.033377))"
TPE0313,"313",TPE,光華商場,Guang Hua Computer Market,25.045150000000000,121.532737999999995,市民大道三段/新生北路一段路口西南側人行道(光華商場)(鄰近光華數位新天地(光華商場)/三創生活園區),"Sec. 3, Civic Blvd. / Sec. 1, Xinsheng N. Rd. intersection","64",BL14,282.151256248131176,"MultiLineString ((121.532738 25.04515, 121.531829 25.042784))"
TPE0314,"314",TPE,敦化長春路口,Dunhua & Changchun Intersection,25.053614000000000,121.548720000000003,敦化北路 / 敦化北路120巷口(西南側)(鄰近臺北小巨蛋),"Dunhua N. Rd. / Ln. 120, Dunhua N. Rd.","34",G17,317.872684133977259,"MultiLineString ((121.54872 25.053614, 121.550715 25.051571))"
TPE0315,"315",TPE,捷運萬隆站(1號出口),MRT Wanlong Sta.(Exit.1),25.001446999999999,121.539036999999993,羅斯福路五段 / 羅斯福路五段236巷口(南側),"Sec. 5, Roosevelt Rd. / Ln. 236, Sec. 5, Roosevelt Rd. intersection","38",G06,18.046465441975194,"MultiLineString ((121.539037 25.001447, 121.538896 25.001367))"
TPE0316,"316",TPE,民有一號公園,Minyou first Park,25.060911000000001,121.547629999999998,敦化北路244巷 / 民權東路三段160巷口(西南側),"Ln. 244, Dunhua N. Rd. / Ln. 160, Sec. 3, Minquan E. Rd. intersection","34",BR12,400.646332517193173,"MultiLineString ((121.54763 25.060911, 121.544031 25.060889))"
TPE0317,"317",TPE,雙園國中,Shuangyuan Junior High School,25.026823000000000,121.491675000000001,西園路二段320巷 / 興義街(西北側),"Ln. 320, Sec. 2, Xiyuan Rd. / Xingyi St. intersection","30",BL10,1291.694333535996520,"MultiLineString ((121.491675 25.026823, 121.499798 25.035109))"
TPE0318,"318",TPE,成功金龍路口,Chenggong & Jinlong Intersection,25.084135000000000,121.594840000000005,成功路四段/金龍路口(捷運內湖站1號出口),"Sec. 4, Chenggong Rd. / Jinlong Rd. intersection","30",BR19,61.072210192472184,"MultiLineString ((121.59484 25.084135, 121.594612 25.083636))"
TPE0319,"319",TPE,民族林森路口,Minzu & Linsen Intersection,25.068507000000000,121.525322000000003,民族東路 / 林森北路口(西北側)(鄰近花博公園美術園區),Minzu E. Rd. / Linsen N. Rd. intersection,"38",O10,636.689275481185291,"MultiLineString ((121.525322 25.068507, 121.526095 25.06284))"
TPE0320,"320",TPE,捷運南京三民站(3號出口),MRT Nanjing Sanmin Sta.(Exit.3),25.051286999999999,121.564261999999999,南京東路五段204號(前方),"No.204, Sec. 5, Nanjing E. Rd.","28",G18,37.349306659488740,"MultiLineString ((121.564262 25.051287, 121.564595 25.051328))"
TPE0321,"321",TPE,莒光大埔街口,Juguang & Dapu Intersection,25.031334000000001,121.505084999999994,莒光路/大埔街口東北側(莒光大埔街口)(鄰近南機場夜市),Juguang Rd. / Dapu St. intersetion,"32",BL10,596.322812537141090,"MultiLineString ((121.505085 25.031334, 121.501622 25.035421))"
TPE0322,"322",TPE,永盛公園(民生東路一段23巷),Yongsheng Park,25.058834999999998,121.525040000000004,民生東路一段23巷 / 民生東路一段27巷口(北側),,"30",O10,422.068843921042799,"MultiLineString ((121.52504 25.058835, 121.526148 25.062461))"
TPE0323,"323",TPE,新興公園,Xinxing Park,25.061568000000001,121.524392000000006,錦州街13巷 / 中山北路二段137巷口(東南側)(鄰近雙城街夜市),"Ln. 13, Jinzhou St. / Ln. 137, Sec. 2, Zhongshan N. Rd.","26",O10,219.301798412138567,"MultiLineString ((121.524392 25.061568, 121.526148 25.062461))"
TPE0324,"324",TPE,市立圖書館葫蘆堵分館,Taipei Public Library Huludu Branch,25.082210000000000,121.510800000000003,延平北路5段136巷4號對面,"No.4, Ln. 136, Sec. 5, Zhongshan N. Rd.(oppsite)","24",R14,1556.512494618961682,"MultiLineString ((121.5108 25.08221, 121.520108 25.071776))"
TPE0325,"325",TPE,南京東路六段368巷,"Ln. 368, Sec. 6, Nanjing E. Rd.",25.058270000000000,121.587069999999997,南京東路六段368巷30號對面人行道,"No.30, Ln. 368, Sec. 6, Nanjing E. Rd.","40",BL21,1085.153501880397016,"MultiLineString ((121.58707 25.05827, 121.592825 25.050402))"
TPE0326,"326",TPE,基隆路一段101巷口,"Ln. 101,Sec. 1,Keelung Rd.",25.045249999999999,121.567089999999993,基隆路一段 / 基隆路一段101巷口(東南側),"Sec. 1, Keelung Rd. /  Ln. 101, Sec. 1, Keelung Rd. (intersection)","30",BL18,443.946400045781672,"MultiLineString ((121.56709 25.04525, 121.567181 25.041263))"
TPE0327,"327",TPE,重慶南海路口,Chongqing & Nanhai Intersection,25.031580000000002,121.514640000000000,重慶南路二段45號前方(郵政博物館前)(鄰近郵政博物館/國立台灣藝術教育館),"No.45, Sec. 2, Chongqing S. Rd.","24",R08,364.371565351832203,"MultiLineString ((121.51464 25.03158, 121.515983 25.034565))"
TPE0328,"328",TPE,一江公園,Yijiang Park,25.053159999999998,121.531459999999996,一江街 / 松江路132巷口(西北側)(鄰近四平陽光商圈),"Yijiang St. /  Ln. 132, Songjiang Rd. intersection","36",O08,165.640110562717354,"MultiLineString ((121.53146 25.05316, 121.532826 25.05257))"
TPE0329,"329",TPE,樂群二明水路口,Lequn 2nd & Mingshui Intersection,25.079830000000001,121.552359999999993,樂群二路 / 明水路口(東側),Lequn 2nd Rd. / Mingshui Rd. intersetion,"34",BR14,585.972941823083602,"MultiLineString ((121.55236 25.07983, 121.547104 25.080118))"
TPE0330,"330",TPE,迪化休閒運動公園,Dihua Park,25.074909999999999,121.511499999999998,延平北路四段200號(南側),"No.200, Sec. 4, Yanping N. Rd.","28",R14,1019.771723115160285,"MultiLineString ((121.5115 25.07491, 121.520108 25.071776))"
TPE0331,"331",TPE,民族玉門街口,Minzu & Yumen Intersection,25.068590000000000,121.519739999999999,民族西路 / 民族西路31巷口(東北側)(鄰近大同大學/花博公園圓山園區/花博圓山公園區-爭艷館/中山親子館),"Minsheng W. Rd. / Ln. 31, Minsheng W. Rd. intersection","34",R14,246.513587799538584,"MultiLineString ((121.51974 25.06859, 121.520033 25.070785))"
TPE0332,"332",TPE,捷運中山站(2號出口),MRT Zhongshan Sta. (Exit 2),25.052250000000001,121.521929999999998,南京西路6號(前方)(鄰近台北之家(光點台北)),"No.6, Nanjing W. Rd.","34",R11,95.273942338678353,"MultiLineString ((121.52193 25.05225, 121.521154 25.052611))"
TPE0333,"333",TPE,復盛公園,Fusheng Park,25.047428000000000,121.561182000000002,八德路四段106巷6弄2號(東側)(鄰近京華城/中保寶貝城(BabyBoss City)/台北機廠),"No.2, Aly. 6, Ln. 106, Sec. 4, Bade Rd.","28",G18,471.201742511841076,"MultiLineString ((121.561182 25.047428, 121.563073 25.051215))"
TPE0334,"334",TPE,敦化南路二段103巷口,"Ln. 103,Sec. 2,Dunhua S. Rd.",25.028973000000001,121.549024000000003,敦化南路二段97-101號(西側),"No.97, Sec. 2, Dunhua S. Rd.","24",R04,582.897012522522232,"MultiLineString ((121.549024 25.028973, 121.552332 25.033032))"
TPE0335,"335",TPE,景文中學,Jingwen High School,24.986301000000001,121.567854999999994,保儀路/木柵路三段102巷口(西南側),"Baoyi Rd. / Ln. 102, Sec. 3, Muzha Rd. ( Intersection )","32",BR03,1368.282546366028100,"MultiLineString ((121.567855 24.986301, 121.568409 24.99858))"
TPE0336,"336",TPE,承德路三段8巷口,"Ln. 8,Sec. 3,Chengde Rd.",25.063820000000000,121.518150000000006,承德路三段12號(前方),"No.12, Sec. 3, Chengde Rd.","22",R13,90.001515721788820,"MultiLineString ((121.51815 25.06382, 121.518558 25.063122))"
TPE0337,"337",TPE,彩虹橋,Rainbow Bridge,25.053010000000000,121.575919999999996,潭美街27號西側(行善公園東南角)(鄰近饒河街夜市/彩虹橋),"No.27, Tanmei St.","30",G19,318.087473275810623,"MultiLineString ((121.57592 25.05301, 121.576244 25.050171))"
TPE0338,"338",TPE,成德國中,Chengde Junior High School,25.045729999999999,121.587940000000003,東新街108巷10之1號(西側),"No.10-1, Ln. 108, Dongxin St.","32",BL20,522.034683754531784,"MultiLineString ((121.58794 25.04573, 121.583277 25.045232))"
TPE0339,"339",TPE,重慶國中,Chongcing Junior High School,25.075810000000001,121.518159999999995,敦煌路68號(北側),"No.68, Dunhuang Rd.","34",R14,498.679760667602125,"MultiLineString ((121.51816 25.07581, 121.520108 25.071776))"
TPE0340,"340",TPE,南京光復路口,Nanjing Guangfu Intersection,25.051430000000000,121.557159999999996,南京東路四段182號(北側),"No.182, Sec. 4, Nanjing E. Rd.","22",G17,474.584900688916321,"MultiLineString ((121.55716 25.05143, 121.552898 25.051534))"
TPE0341,"341",TPE,捷運芝山站(1號出口),MRT Zhishan Sta.(Exit.1),25.100940000000001,121.522430000000000,文林路 / 福華路口(東側),Wenlin Rd. / Fuhua Rd. Intersection,"38",R17,125.236752461441014,"MultiLineString ((121.52243 25.10094, 121.522636 25.102046))"
TPE0342,"342",TPE,文林建民路口,Wenlin & Jianmin Intersection,25.107790000000001,121.514679999999998,文林北路224-238號(東南側),"No.224 - 238, Wenlin N. Rd.","30",R18,525.468006359477499,"MultiLineString ((121.51468 25.10779, 121.519153 25.109298))"
TPE0343,"343",TPE,忠孝東路六段185巷口,"Ln. 185, Sec. 6, Zhongxiao E. Rd",25.049040000000002,121.587549999999993,忠孝東路六段187號(東南側),"No.187, Sec. 6, Zhongxiao E. Rd.","30",BL21,593.519958812345976,"MultiLineString ((121.58755 25.04904, 121.592726 25.050319))"
TPE0344,"344",TPE,捷運忠孝復興站(5號出口),MRT Zhongxiao Fuxing Sta.(Exit.5),25.042639999999999,121.544010000000000,復興南路一段133號(西南側)(鄰近東區地下街),"No.133, Sec. 1, Fuxing S. Rd.","42",BR10,69.074170117498582,"MultiLineString ((121.54401 25.04264, 121.543985 25.04202))"
TPE0345,"345",TPE,中正運動中心,Zhongzheng Sports Center,25.038060000000002,121.519430000000000,信義路一段1號(西側)(鄰近臺北市青少年發展處/中正親子館),"No.1, Sec. 1, Xinyi Rd.","52",R08,402.711532210028679,"MultiLineString ((121.51943 25.03806, 121.516543 25.03588))"
TPE0346,"346",TPE,陽明高中,Yangming High School,25.091570000000001,121.516689999999997,中正路510號(西南側),"No.510, Zhongzheng Rd.","36",R16,1070.494621019028273,"MultiLineString ((121.51669 25.09157, 121.525966 25.094106))"
TPE0347,"347",TPE,博愛寶慶路口,Boai & Baoqing Intersection,25.041340000000002,121.511349999999993,博愛路 / 寶慶路口(西北側)(鄰近總統府/中山堂),Bo’ai Rd. / Baoqing Rd. intersection,"26",BL11,278.056056009906627,"MultiLineString ((121.51135 25.04134, 121.509006 25.042203))"
TPE0348,"348",TPE,民生立體停車場,Minsheng Parking Lot,25.058522000000000,121.559420000000003,民生東路五段82號(東側),"No.82, Sec. 5, Minsheng E. Rd.","24",G18,909.396834903740000,"MultiLineString ((121.55942 25.058522, 121.563073 25.051215))"
TPE0349,"349",TPE,重慶酒泉街口,Chongqing & Jiuquan Intersection,25.071829999999999,121.513639999999995,重慶北路三段272號(東側)(鄰近保安宮),"No.272, Sec. 3, Chongqing N. Rd.","28",R14,720.039559368037885,"MultiLineString ((121.51364 25.07183, 121.520108 25.071776))"
TPE0350,"350",TPE,復興南路二段128巷口,"Ln. 128, Sec. 2, Fuxing S. Rd.",25.029039999999998,121.543360000000007,復興南路二段144-3號前方,"No.144-3, Sec. 2, Fuxing S. Rd.","32",BR08,322.733846118025440,"MultiLineString ((121.54336 25.02904, 121.543636 25.026154))"
TPE0351,"351",TPE,中山青島路口,Zhongshan & Qingdao Intersection,25.044689999999999,121.519540000000006,中山南路 / 青島東路口東北側,Zhongshan S. Rd. / Qingdao E. Rd. intersection,"38",R10,183.875336525445050,"MultiLineString ((121.51954 25.04469, 121.518643 25.046077))"
TPE0352,"352",TPE,民權迪化街口,Minquan & Dihua Intersection,25.063179999999999,121.509439999999998,迪化街一段351號(東北側)(鄰近延三夜市(大橋頭夜市)),"No.351, Sec. 1, Dihua St.","46",O12,320.488813994634086,"MultiLineString ((121.50944 25.06318, 121.512319 25.06318))"
TPE0353,"353",TPE,紀州庵,Kishu An Forest of Literature,25.020879999999998,121.520489999999995,水源路 / 同安街口 (東側),"No.107, Tong’an St.","30",G09,605.230599116751705,"MultiLineString ((121.52049 25.02088, 121.523353 25.025502))"
TPE0354,"354",TPE,建國濟南路口,Jianguo & Jinan Intersection,25.040033000000001,121.538083999999998,建國南路一段/濟南路三段口(東南側),"Sec. 1, Jianguo S. Rd. / Sec. 3, Jinan Rd. intersection","28",BL14,527.538310105876462,"MultiLineString ((121.538084 25.040033, 121.53368 25.041783))"
TPE0355,"355",TPE,福山公園,Fushan Park,25.044779999999999,121.617590000000007,研究院路二段61巷15號(東側),"No.15, Ln. 61, Sec. 2, Academia Rd.","34",BR24,1032.132737651931620,"MultiLineString ((121.61759 25.04478, 121.618148 25.054035))"
TPE0356,"356",TPE,臺北市網球中心,Taipei Tennis Center,25.067399999999999,121.597489999999993,民權東路六段/民權東路六段210巷口(西南側),"Sec. 6, Minquan E. Rd. / Ln. 210, Sec. 6, Minquan E. Rd. intersection","32",BR21,1222.406647628613428,"MultiLineString ((121.59749 25.0674, 121.607197 25.072534))"
TPE0357,"357",TPE,松友公園,@Songyou Park,25.034230000000001,121.576359999999994,信義路六段76巷2弄16號(南側),"No.16, Aly. 2, Ln. 76, Sec. 6, Xinyi Rd.","26",R02,676.126435892695326,"MultiLineString ((121.57636 25.03423, 121.570408 25.03302))"
TPE0358,"358",TPE,新明成功路口,Xinming & Chenggong Intersection,25.060580000000002,121.591099999999997,新明路/成功路二段口(西南側),"Xinming Rd. / Sec. 2, Chenggong Rd. intersection","30",BL21,1146.219239133907649,"MultiLineString ((121.5911 25.06058, 121.59363 25.050599))"
TPE0359,"359",TPE,健安新城,Jianan Sincheng,25.056010000000001,121.563580000000002,三民路41號(東側),"No.41, Sanmin Rd.","34",G18,500.207638097242750,"MultiLineString ((121.56358 25.05601, 121.563643 25.051517))"
TPE0360,"360",TPE,民權建國路口,Minquan & Jianguo Intersection,25.062519999999999,121.537540000000007,民權東路三段/建國北路三段口(東北側)(鄰近建國假日花市),"Sec. 3, Minquan E. Rd. / Sec. 3, Jianguo N. Rd. intersection","44",O09,547.966877580438336,"MultiLineString ((121.53754 25.06252, 121.533393 25.059868))"
TPE0361,"361",TPE,振興醫院,Cheng Hsin General Hospital,25.117699999999999,121.522199999999998,振興街/明德路口(西北側)(鄰近國立臺北護理健康大學),"No.41, Zhenxing St. / No.41, Mingde Rd. intersection","32",R19,808.379033281994566,"MultiLineString ((121.5222 25.1177, 121.516205 25.113602))"
TPE0362,"362",TPE,和平金山路口,Heping & Jinshan Intersection,25.026720000000001,121.525329999999997,和平東路一段 / 金山南路二段口(西南側)(鄰近臺灣師範大學),"Sec. 1, Heping E. Rd. / Sec. 2, Jinshan S. Rd. intersection","30",G09,231.391774027598444,"MultiLineString ((121.52533 25.02672, 121.523353 25.026078))"
TPE0363,"363",TPE,復興南路一段340巷口,"Ln. 340, Sec. 1, Fuxing S. Rd.",25.036169999999998,121.543499999999995,復興南路一段322號(東南側),"No.322, Sec. 1, Fuxing S. Rd.","32",BR09,242.484847713234814,"MultiLineString ((121.5435 25.03617, 121.543749 25.034006))"
TPE0364,"364",TPE,嘉興公園,Jiaxing Park,25.021090000000001,121.552189999999996,樂業街101巷 / 樂業街口(北側側),"Ln. 101, Leye St. / Leye St. intersection","38",BR07,313.436093207744648,"MultiLineString ((121.55219 25.02109, 121.552737 25.023852))"
TPE0365,"365",TPE,陽明大學,National Yang-Ming University,25.119119999999999,121.512230000000002,東華街二段136號(南側),"No.136, Sec. 2, Donghua St.","50",R19,562.865625349289530,"MultiLineString ((121.51223 25.11912, 121.515171 25.115007))"
TPE0366,"366",TPE,碧湖公園,Bihu Park,25.079879999999999,121.582870000000000,內湖路二段/內湖路二段103巷口(東北側)(鄰近碧湖公園),"Sec. 2, Neihu Rd. / Ln. 103, Sec. 2, Neihu Rd. intersection","42",BR18,242.021578683843273,"MultiLineString ((121.58287 25.07988, 121.58447 25.078408))"
TPE0367,"367",TPE,豐年公園,Fengnian Park,25.135970000000000,121.497018999999995,大業路539號(東側),"No.539, Daye Rd.","30",R22,428.869907117037826,"MultiLineString ((121.497019 25.13597, 121.49824 25.132316))"
TPE0368,"368",TPE,臺灣戲曲中心,The Xiqu Center of Taiwan,25.102080000000001,121.519790000000000,文林路751號(南側)(鄰近臺灣戲曲中心),"No.751, Wenlin Rd.","44",R17,316.837878096228224,"MultiLineString ((121.51979 25.10208, 121.522636 25.102046))"
TPE0369,"369",TPE,世新大學,Shih Hsin University,24.988620000000001,121.543610000000001,木柵路一段17巷1號(西側),"No.1, Ln. 17, Sec. 1, Muzha Rd.","34",G05,506.219861216715913,"MultiLineString ((121.54361 24.98862, 121.540933 24.992296))"
TPE0370,"370",TPE,新和國小,Xinhe Elementary School,25.026560000000000,121.502420000000001,中華路二段416巷/萬大路277巷37弄口(東側),"Ln. 416, Sec. 2, Zhonghua Rd. / Aly. 37, Ln. 277, Wanda Rd. intersection","32",BL10,990.393969530162735,"MultiLineString ((121.50242 25.02656, 121.501622 25.035421))"
TPE0371,"371",TPE,南門國中,Nanmen Junior High School,25.035319999999999,121.508340000000004,廣州街8巷/廣州街口(東南側),"Ln. 8, Guangzhou St. / Guangzhou St. intersection","38",G11,175.965131460582455,"MultiLineString ((121.50834 25.03532, 121.509865 25.035736))"
TPE0372,"372",TPE,重慶民族路口,Chongqing & Minzu Intersection,25.068249999999999,121.513589999999994,重慶北路三段154號(前方/東側),"No.154, Sec. 3, Chongqing N. Rd.","26",O12,502.439766369530332,"MultiLineString ((121.51359 25.06825, 121.51344 25.063739))"
TPE0373,"373",TPE,中崙福成宮,Zhonglun Fucheng Temple,25.045249999999999,121.546634999999995,市民大道四段63號(鄰近微風廣場/黑松世界),"No.63, Sec. 4, Civic Blvd.","32",BR10,425.017597174189802,"MultiLineString ((121.546635 25.04525, 121.54506 25.041772))"
TPE0374,"374",TPE,麗湖國小,Lihu Elementary School,25.073322000000001,121.602225000000004,金湖路363巷5號對側,"No.5, Ln. 363, Jinhu Rd.","34",BR21,560.388641085598806,"MultiLineString ((121.602225 25.073322, 121.607197 25.072534))"
TPE0375,"375",TPE,銘傳大學,Ming Chuan University,25.087713999999998,121.526765999999995,中山北路五段250號(銘傳大學對側)(鄰近銘傳大學/士林夜市),"No.250, Sec. 5, Zhongshan N. Rd.","48",R15,347.329958856376834,"MultiLineString ((121.526766 25.087714, 121.525175 25.08503))"
TPE0376,"376",TPE,民生建國路口,Minsheng & Jianguo Intersection,25.057777999999999,121.536914999999993,民生東路三段 / 建國北路二段口,"Sec. 3, Minsheng E. Rd. / Sec. 2, Jianguo N. Rd.","36",O09,413.451513796517929,"MultiLineString ((121.536915 25.057778, 121.533342 25.058792))"
TPE0377,"377",TPE,南港路二段178巷口,"Ln. 178, Sec. 2, Nangang Rd.",25.053674999999998,121.599693000000002,南港路二段 / 南港路二段178巷口(北側),"No.146, Sec. 2, Nangang Rd.","30",BL21,741.490136993876945,"MultiLineString ((121.599693 25.053675, 121.593799 25.050572))"
TPE0378,"378",TPE,陽光街321巷口,"Ln. 321, Yangguang St.",25.073193000000000,121.578691000000006,陽光街321巷 / 陽光街口(南側),"Ln. 321, Yangguang St. / Yangguang St.","42",BR17,849.469413536154889,"MultiLineString ((121.578691 25.073193, 121.57556 25.080152))"
TPE0379,"379",TPE,春光公園,Chunguang Park,25.042618999999998,121.580761999999993,忠孝東路五段721號(對側),"No.721, Sec. 5, Zhongxiao E. Rd.","38",BL20,171.284490163792100,"MultiLineString ((121.580762 25.042619, 121.581854 25.043703))"
TPE0380,"380",TPE,塔悠疏散門,Tayou Evacuation Gate,25.064713000000001,121.567898999999997,塔悠路 / 撫遠街389巷口(南側),"Tayou Rd. / Ln. 389, Fuyuan St.","30",G18,1503.577102717588332,"MultiLineString ((121.567899 25.064713, 121.56471 25.051588))"
TPE0381,"381",TPE,民權東路六段15巷,"Ln. 15, Sec. 6, Minquan E. Rd.",25.068529999999999,121.578125000000000,民權東路六段15巷35號,"No.35, Ln. 15, Sec. 6, Minquan E. Rd.","30",BR18,1306.920732757413134,"MultiLineString ((121.578125 25.06853, 121.58447 25.078408))"
TPE0382,"382",TPE,聯合醫院和平院區,City Hospital (Heping Branch),25.035160000000001,121.506389999999996,中華路二段33號(南側),"No.33, Sec. 2, Zhonghua Rd.","42",G11,392.113342524157702,"MultiLineString ((121.50639 25.03516, 121.509865 25.035736))"
TPE0383,"383",TPE,一壽橋,Yishou Bridge,24.978480000000001,121.555449999999993,樟新街64號前方,"No.64, Zhangxin St.","26",G03,1431.011725080509677,"MultiLineString ((121.55545 24.97848, 121.543068 24.975025))"
TPE0384,"384",TPE,松基公園,Songji Park,25.054910000000000,121.544799999999995,長春路339巷 / 復興北路189巷口,"Ln. 339, Changchun Rd. / Ln. 189, Fuxing N. Rd. intersection","30",BR11,289.654534336286304,"MultiLineString ((121.5448 25.05491, 121.54447 25.052329))"
TPE0385,"385",TPE,和興路26巷口,"Ln.26 ,Hexing Rd.",24.985600000000002,121.545310000000001,和興路44巷 / 和興路26巷口,"Ln. 44, Hexing Rd. / Ln. 26, Hexing Rd. intersection","40",Y07,384.451849778964572,"MultiLineString ((121.54531 24.9856, 121.543209 24.982859))"
TPE0386,"386",TPE,錦州吉林路口,Jinzhou & Jilin Intersection,25.060289999999998,121.529809999999998,錦州街162號前方,"No.162, Jinzhou St.","30",O09,354.205710326018334,"MultiLineString ((121.52981 25.06029, 121.532991 25.060365))"
TPE0387,"387",TPE,吳興街260巷,"Ln. 260,Wuxing St.",25.026100000000000,121.563159999999996,吳興街260巷 / 吳興街260巷19弄口(鄰近台北醫學大學),"Ln. 260, Wuxing St. / Aly. 19, Ln. 260, Wuxing St.","32",R03,741.360730474733259,"MultiLineString ((121.56316 25.0261, 121.563646 25.032742))"
TPE0388,"388",TPE,景華街128巷口,"Ln.128,Jinghua St.",24.995563000000001,121.547092000000006,景華街126號前方,"No.126, Jinghua St.","24",G05,679.875631251057030,"MultiLineString ((121.547092 24.995563, 121.541517 24.993069))"
TPE0389,"389",TPE,福德國小,Fude Elementary School,25.038323999999999,121.586245000000005,福德街251巷2號(對面/東側),"No.2, Ln. 251, Fude St.","30",BL20,772.965559591373335,"MultiLineString ((121.586245 25.038324, 121.581854 25.043703))"
TPE0390,"390",TPE,稻香重三路口,Daoxiang & Chongsan Intersection,25.139937000000000,121.489593999999997,稻香路 / 稻香路43巷口(西北側),"Daoxiang Rd. / Ln. 43, Daoxiang Rd.","34",R23,533.623712447612775,"MultiLineString ((121.489594 25.139937, 121.485373 25.137665))"
TPE0391,"391",TPE,景仁公園,Jingren Park,24.996600000000001,121.540295000000000,景仁街 / 羅斯福路六段142巷口(北側),"Jingren St. / Ln. 142, Sec. 6, Roosevelt Rd.","30",G05,415.942488021745817,"MultiLineString ((121.540295 24.9966, 121.541517 24.993069))"
TPE0392,"392",TPE,南京東興路口,Nanjing & Dongxing Intersection,25.051489000000000,121.565347000000003,南京東路五段 / 東興路口(北側),"Sec. 5, Nanjing E. Rd. / Dongxing Rd.","30",G18,71.761796968528387,"MultiLineString ((121.565347 25.051489, 121.56471 25.051588))"
TPE0393,"393",TPE,內溝溪生態展示館,Neigousi Eological Exhibition Hall,25.087216999999999,121.623062000000004,康樂街236之3號(西北側),"No.236-3, Kangle St.","24",BR21,2329.737606243902974,"MultiLineString ((121.623062 25.087217, 121.608047 25.072638))"
TPE0394,"394",TPE,松德虎林街口,Songde & Hulin Intersection,25.038352000000000,121.576248000000007,松德路71號前方,"No.71, Songde Rd.","32",BL19,262.028039761024672,"MultiLineString ((121.576248 25.038352, 121.576155 25.040704))"
TPE0395,"395",TPE,安強公園,Anciang Park,25.036843999999999,121.575412999999998,虎林街212巷58號(西南側),"No.58, Ln. 212, Hulin St.","28",BL19,429.706211927248262,"MultiLineString ((121.575413 25.036844, 121.575383 25.040704))"
TPE0396,"396",TPE,新東街51巷口,"Ln.51,Xindong St.",25.061501000000000,121.563317999999995,三民路 / 新東街51巷口(東側)(鄰近松山親子館),"Sanmin Rd. / Ln. 51, Xindong St. intersection","28",G18,1112.002488388969141,"MultiLineString ((121.563318 25.061501, 121.563643 25.051517))"
TPE0397,"397",TPE,劍潭海外青年活動中心,Chientan Overseas Youth Activity Center,25.079602999999999,121.523700000000005,通河街 / 通河街2巷(南側)(鄰近圓山大飯店/劍潭公園)(鄰近芝山岩/芝山巖惠濟宮/芝山文化生態綠園),"Tonghe St. / Ln. 2, Tonghe St. intersection","36",R15,447.335652778096630,"MultiLineString ((121.5237 25.079603, 121.524807 25.083466))"
TPE0398,"398",TPE,聯合醫院陽明院區,Taipei City Hospital (Yangming Branch),25.104545999999999,121.531948999999997,雨聲街105號(南側),"No.105, Yusheng St.","30",R17,1071.077550425822892,"MultiLineString ((121.531949 25.104546, 121.522356 25.103804))"
TPE0399,"399",TPE,和平龍泉街口,Heping & Longquan Intersection,25.026403999999999,121.529460000000000,和平東路一段178號(前側)(鄰近臺灣師範大學),"No.178, Sec. 1, Heping E. Rd.","34",G08,608.663643341106877,"MultiLineString ((121.52946 25.026404, 121.527849 25.021179))"
TPE0400,"400",TPE,和平敦化路口,Heping & Dunhua Intersection,25.024439999999998,121.549075999999999,和平東路三段 / 敦化南路二段口(東側),"Sec. 3, Heping E. Rd. / Sec. 2, Dunhua S. Rd. intersection","34",BR07,412.763680342228497,"MultiLineString ((121.549076 25.02444, 121.552737 25.023852))"
TPE0401,"401",TPE,南京新生路口,Nanjing & Xinsheng Intersection,25.051943999999999,121.527660999999995,新生北路一段 / 南京東路一段口(橋墩下方)(鄰近林森公園/康樂公園),"Sec. 1, Xinsheng N. Rd. / Sec. 1, Nanjing E. Rd.","34",O08,526.329724327435315,"MultiLineString ((121.527661 25.051944, 121.532388 25.051842))"
TPE0402,"402",TPE,下灣公園,Siawan Park,25.065159000000001,121.595611000000005,民權東路六段206巷 / 民權東路六段190巷75弄口,"Ln. 206, Sec. 6, Minquan E. Rd. / Aly. 75, Ln. 190, Sec. 6, Minquan E. Rd.","28",BR21,1528.875118553832408,"MultiLineString ((121.595611 25.065159, 121.607197 25.072534))"
TPE0403,"403",TPE,捷運內湖站(1號出口),MRT Neihu Sta.1(Exit.1),25.083867999999999,121.593929000000003,成功路四段182巷 / 成功路四段182巷6弄口(東南側),"Ln. 182, Sec. 4, Chenggong Rd. / Aly. 6, Ln. 182, Sec. 4, Chenggong Rd.","28",BR19,39.935314599669312,"MultiLineString ((121.593929 25.083868, 121.594266 25.083745))"
TPE0404,"404",TPE,民族延平路口,Minzu & Yanping Intersection,25.068653000000001,121.510569000000004,民族西路 310 號前方,"No.310, Minzu W. Rd.","30",O12,633.544220084101994,"MultiLineString ((121.510569 25.068653, 121.51344 25.063739))"
